-- phpMyAdmin SQL Dump
-- version 4.8.3
-- https://www.phpmyadmin.net/
--
-- Host: 127.0.0.1
-- Generation Time: Jun 14, 2020 at 09:10 PM
-- Server version: 10.1.36-MariaDB
-- PHP Version: 5.6.38

SET SQL_MODE = "NO_AUTO_VALUE_ON_ZERO";
SET AUTOCOMMIT = 0;
START TRANSACTION;
SET time_zone = "+00:00";


/*!40101 SET @OLD_CHARACTER_SET_CLIENT=@@CHARACTER_SET_CLIENT */;
/*!40101 SET @OLD_CHARACTER_SET_RESULTS=@@CHARACTER_SET_RESULTS */;
/*!40101 SET @OLD_COLLATION_CONNECTION=@@COLLATION_CONNECTION */;
/*!40101 SET NAMES utf8mb4 */;

--
-- Database: `berang`
--

-- --------------------------------------------------------

--
-- Table structure for table `dataset`
--

CREATE TABLE `dataset` (
  `id` int(11) NOT NULL,
  `testId` varchar(100) NOT NULL,
  `qno` int(11) NOT NULL,
  `correctness` int(11) NOT NULL,
  `tpque` int(11) NOT NULL,
  `optionchanges` int(11) NOT NULL,
  `tptopic` int(11) NOT NULL,
  `tptest` varchar(100) NOT NULL,
  `topic` varchar(100) NOT NULL,
  `difficulty` varchar(100) NOT NULL
) ENGINE=InnoDB DEFAULT CHARSET=utf8mb4;

--
-- Dumping data for table `dataset`
--

INSERT INTO `dataset` (`id`, `testId`, `qno`, `correctness`, `tpque`, `optionchanges`, `tptopic`, `tptest`, `topic`, `difficulty`) VALUES
(811, '1592043613', 28, 0, 6, 1, 17, '00:00:59', 'TW', 'Level 1'),
(812, '1592043613', 63, 0, 3, 1, 17, '00:00:59', 'TW', 'Level 2'),
(813, '1592043613', 259, 0, 2, 1, 9, '00:00:59', 'SI', 'Level 2'),
(814, '1592043613', 160, 0, 3, 1, 9, '00:00:59', 'PPL', 'Level 1'),
(815, '1592043613', 55, 0, 2, 1, 17, '00:00:59', 'TW', 'Level 2'),
(816, '1592043613', 138, 1, 2, 1, 12, '00:00:59', 'TSD', 'Level 2'),
(817, '1592043613', 221, 0, 3, 1, 9, '00:00:59', 'PPL', 'Level 1'),
(818, '1592043613', 251, 0, 4, 1, 9, '00:00:59', 'SI', 'Level 1'),
(819, '1592043613', 138, 0, 2, 1, 12, '00:00:59', 'TSD', 'Level 2'),
(820, '1592043613', 182, 0, 3, 1, 9, '00:00:59', 'PPL', 'Level 2'),
(821, '1592043613', 135, 0, 3, 1, 12, '00:00:59', 'TSD', 'Level 2'),
(822, '1592043613', 238, 1, 3, 1, 9, '00:00:59', 'SI', 'Level 1'),
(823, '1592043613', 75, 0, 2, 1, 12, '00:00:59', 'TSD', 'Level 1'),
(824, '1592043613', 76, 0, 3, 1, 12, '00:00:59', 'TSD', 'Level 1'),
(825, '1592043613', 26, 0, 6, 1, 17, '00:00:59', 'TW', 'Level 1'),
(826, '1592052078', 205, 0, 2, 1, 10, '00:00:34', 'PPL', 'Level 1'),
(827, '1592052078', 59, 0, 3, 1, 8, '00:00:34', 'TW', 'Level 2'),
(828, '1592052078', 131, 0, 2, 1, 5, '00:00:34', 'TSD', 'Level 2'),
(829, '1592052078', 263, 0, 2, 1, 4, '00:00:34', 'SI', 'Level 2'),
(830, '1592052078', 271, 0, 2, 1, 4, '00:00:34', 'SI', 'Level 2'),
(831, '1592052078', 36, 1, 2, 1, 8, '00:00:34', 'TW', 'Level 1'),
(832, '1592052078', 122, 0, 3, 1, 5, '00:00:34', 'TSD', 'Level 1'),
(833, '1592052078', 69, 0, 3, 1, 8, '00:00:34', 'TW', 'Level 2'),
(834, '1592052078', 230, 0, 4, 1, 10, '00:00:34', 'PPL', 'Level 2'),
(835, '1592052078', 198, 0, 4, 1, 10, '00:00:34', 'PPL', 'Level 3'),
(836, '1592052078', 74, -1, 0, 0, 8, '00:00:34', 'TW', 'Level 2'),
(837, '1592052078', 144, -1, 0, 0, 5, '00:00:34', 'TSD', 'Level 2'),
(838, '1592052078', 225, -1, 0, 0, 10, '00:00:34', 'PPL', 'Level 2'),
(839, '1592052078', 137, -1, 0, 0, 5, '00:00:34', 'TSD', 'Level 2'),
(840, '1592052078', 267, -1, 0, 0, 4, '00:00:34', 'SI', 'Level 2'),
(841, '1592052124', 20, 0, -1, 0, 2, '00:00:22', 'TW', 'Level 1'),
(842, '1592052124', 119, 0, 2, 0, 5, '00:00:22', 'TSD', 'Level 1'),
(843, '1592052124', 219, 0, 4, 0, 4, '00:00:22', 'PPL', 'Level 1'),
(844, '1592052124', 262, 0, 3, 0, 3, '00:00:22', 'SI', 'Level 2'),
(845, '1592052124', 63, 0, 3, 0, 2, '00:00:22', 'TW', 'Level 2'),
(846, '1592052124', 103, 0, 3, 0, 5, '00:00:22', 'TSD', 'Level 1'),
(847, '1592052124', 188, -1, 0, 0, 4, '00:00:22', 'PPL', 'Level 2'),
(848, '1592052124', 266, -1, 0, 0, 3, '00:00:22', 'SI', 'Level 2'),
(849, '1592052124', 222, -1, 0, 0, 4, '00:00:22', 'PPL', 'Level 2'),
(850, '1592052124', 78, -1, 0, 0, 5, '00:00:22', 'TSD', 'Level 1'),
(851, '1592052124', 272, -1, 0, 0, 3, '00:00:22', 'SI', 'Level 2'),
(852, '1592052124', 60, -1, 0, 0, 2, '00:00:22', 'TW', 'Level 2'),
(853, '1592052124', 143, -1, 0, 0, 5, '00:00:22', 'TSD', 'Level 2'),
(854, '1592052124', 238, -1, 0, 0, 3, '00:00:22', 'SI', 'Level 1'),
(855, '1592052124', 141, -1, 0, 0, 5, '00:00:22', 'TSD', 'Level 2'),
(856, '1592052167', 97, 0, -1, 0, 2, '00:00:25', 'TSD', 'Level 1'),
(857, '1592052167', 257, 1, 2, 0, 8, '00:00:25', 'SI', 'Level 2'),
(858, '1592052167', 239, 1, 2, 0, 8, '00:00:25', 'SI', 'Level 1'),
(859, '1592052167', 245, 1, 2, 0, 8, '00:00:25', 'SI', 'Level 1'),
(860, '1592052167', 150, 0, 2, 0, 5, '00:00:25', 'PPL', 'Level 1'),
(861, '1592052167', 125, 0, 3, 0, 2, '00:00:25', 'TSD', 'Level 2'),
(862, '1592052167', 178, 1, 3, 0, 5, '00:00:25', 'PPL', 'Level 2'),
(863, '1592052167', 250, 0, 2, 0, 8, '00:00:25', 'SI', 'Level 1'),
(864, '1592052167', 33, -1, 0, 0, 0, '00:00:25', 'TW', 'Level 1'),
(865, '1592052167', 155, -1, 0, 0, 5, '00:00:25', 'PPL', 'Level 1'),
(866, '1592052167', 101, -1, 0, 0, 2, '00:00:25', 'TSD', 'Level 1'),
(867, '1592052167', 89, -1, 0, 0, 2, '00:00:25', 'TSD', 'Level 1'),
(868, '1592052167', 162, -1, 0, 0, 5, '00:00:25', 'PPL', 'Level 1'),
(869, '1592052167', 247, -1, 0, 0, 8, '00:00:25', 'SI', 'Level 1'),
(870, '1592052167', 63, -1, 0, 0, 0, '00:00:25', 'TW', 'Level 2'),
(871, '1592052205', 185, 0, -1, 0, -1, '00:00:18', 'PPL', 'Level 2'),
(872, '1592052205', 29, 0, 2, 0, 8, '00:00:18', 'TW', 'Level 1'),
(873, '1592052205', 262, 0, 2, 0, 2, '00:00:18', 'SI', 'Level 2'),
(874, '1592052205', 7, 0, 2, 0, 8, '00:00:18', 'TW', 'Level 1'),
(875, '1592052205', 9, 0, 2, 0, 8, '00:00:18', 'TW', 'Level 1'),
(876, '1592052205', 25, 0, 2, 0, 8, '00:00:18', 'TW', 'Level 1'),
(877, '1592052205', 10, -1, 0, 0, 8, '00:00:18', 'TW', 'Level 1'),
(878, '1592052205', 32, -1, 0, 0, 8, '00:00:18', 'TW', 'Level 1'),
(879, '1592052205', 22, -1, 0, 0, 8, '00:00:18', 'TW', 'Level 1'),
(880, '1592052205', 33, -1, 0, 0, 8, '00:00:18', 'TW', 'Level 1'),
(881, '1592052205', 49, -1, 0, 0, 8, '00:00:18', 'TW', 'Level 1'),
(882, '1592052205', 107, -1, 0, 0, 0, '00:00:18', 'TSD', 'Level 1'),
(883, '1592052205', 23, -1, 0, 0, 8, '00:00:18', 'TW', 'Level 1'),
(884, '1592052205', 37, -1, 0, 0, 8, '00:00:18', 'TW', 'Level 1'),
(885, '1592052205', 34, -1, 0, 0, 8, '00:00:18', 'TW', 'Level 1'),
(886, '1592053130', 12, 0, 3, 1, 14, '00:00:24', 'TW', 'Level 1'),
(887, '1592053130', 235, 0, 2, 1, 2, '00:00:24', 'PPL', 'Level 2'),
(888, '1592053130', 15, 0, 2, 1, 14, '00:00:24', 'TW', 'Level 1'),
(889, '1592053130', 257, 1, 2, 1, 2, '00:00:24', 'SI', 'Level 2'),
(890, '1592053130', 42, 1, 2, 1, 14, '00:00:24', 'TW', 'Level 1'),
(891, '1592053130', 5, 0, 2, 1, 14, '00:00:24', 'TW', 'Level 1'),
(892, '1592053130', 10, 0, 5, 1, 14, '00:00:24', 'TW', 'Level 1'),
(893, '1592053130', 2, -1, 0, 0, 14, '00:00:24', 'TW', 'Level 1'),
(894, '1592053130', 46, -1, 0, 0, 14, '00:00:24', 'TW', 'Level 1'),
(895, '1592053130', 18, -1, 0, 0, 14, '00:00:24', 'TW', 'Level 1'),
(896, '1592053130', 96, -1, 0, 0, 0, '00:00:24', 'TSD', 'Level 1'),
(897, '1592053130', 26, -1, 0, 0, 14, '00:00:24', 'TW', 'Level 1'),
(898, '1592053130', 40, -1, 0, 0, 14, '00:00:24', 'TW', 'Level 1'),
(899, '1592053130', 19, -1, 0, 0, 14, '00:00:24', 'TW', 'Level 1'),
(900, '1592053130', 39, -1, 0, 0, 14, '00:00:24', 'TW', 'Level 1'),
(901, '1592057700', 14, 0, 12, 4, 12, '00:00:21', 'TW', 'Level 1'),
(902, '1592057700', 84, 0, 5, 2, 5, '00:00:21', 'TSD', 'Level 1'),
(903, '1592057700', 267, -1, 0, 0, 0, '00:00:21', 'SI', 'Level 2'),
(904, '1592057700', 107, -1, 0, 0, 5, '00:00:21', 'TSD', 'Level 1'),
(905, '1592057700', 76, -1, 0, 0, 5, '00:00:21', 'TSD', 'Level 1'),
(906, '1592057700', 112, -1, 0, 0, 5, '00:00:21', 'TSD', 'Level 1'),
(907, '1592057700', 94, -1, 0, 0, 5, '00:00:21', 'TSD', 'Level 1'),
(908, '1592057700', 95, -1, 0, 0, 5, '00:00:21', 'TSD', 'Level 1'),
(909, '1592057700', 83, -1, 0, 0, 5, '00:00:21', 'TSD', 'Level 1'),
(910, '1592057700', 98, -1, 0, 0, 5, '00:00:21', 'TSD', 'Level 1'),
(911, '1592057700', 102, -1, 0, 0, 5, '00:00:21', 'TSD', 'Level 1'),
(912, '1592057700', 124, -1, 0, 0, 5, '00:00:21', 'TSD', 'Level 1'),
(913, '1592057700', 79, -1, 0, 0, 5, '00:00:21', 'TSD', 'Level 1'),
(914, '1592057700', 174, -1, 0, 0, 0, '00:00:21', 'PPL', 'Level 2'),
(915, '1592057700', 93, -1, 0, 0, 5, '00:00:21', 'TSD', 'Level 1'),
(916, '1592057733', 254, 0, -1, 0, -1, '00:00:12', 'SI', 'Level 1'),
(917, '1592057733', 239, -1, 0, 0, -1, '00:00:12', 'SI', 'Level 1'),
(918, '1592057733', 36, -1, 0, 0, 0, '00:00:12', 'TW', 'Level 1'),
(919, '1592057733', 150, -1, 0, 0, 0, '00:00:12', 'PPL', 'Level 1'),
(920, '1592057733', 170, -1, 0, 0, 0, '00:00:12', 'PPL', 'Level 1'),
(921, '1592057733', 207, -1, 0, 0, 0, '00:00:12', 'PPL', 'Level 1'),
(922, '1592057733', 109, -1, 0, 0, 0, '00:00:12', 'TSD', 'Level 1'),
(923, '1592057733', 152, -1, 0, 0, 0, '00:00:12', 'PPL', 'Level 1'),
(924, '1592057733', 240, -1, 0, 0, -1, '00:00:12', 'SI', 'Level 1'),
(925, '1592057733', 217, -1, 0, 0, 0, '00:00:12', 'PPL', 'Level 1'),
(926, '1592057733', 256, -1, 0, 0, -1, '00:00:12', 'SI', 'Level 1'),
(927, '1592057733', 237, -1, 0, 0, -1, '00:00:12', 'SI', 'Level 1'),
(928, '1592057733', 159, -1, 0, 0, 0, '00:00:12', 'PPL', 'Level 1'),
(929, '1592057733', 255, -1, 0, 0, -1, '00:00:12', 'SI', 'Level 1'),
(930, '1592057733', 209, -1, 0, 0, 0, '00:00:12', 'PPL', 'Level 1'),
(931, '1592057758', 209, 0, -1, 0, 6, '00:00:31', 'PPL', 'Level 1'),
(932, '1592057758', 150, 0, 7, 0, 6, '00:00:31', 'PPL', 'Level 1'),
(933, '1592057758', 102, 0, 3, 1, 3, '00:00:31', 'TSD', 'Level 1'),
(934, '1592057758', 119, -1, 0, 0, 3, '00:00:31', 'TSD', 'Level 1'),
(935, '1592057758', 26, -1, 0, 0, 8, '00:00:31', 'TW', 'Level 1'),
(936, '1592057758', 169, -1, 0, 0, 6, '00:00:31', 'PPL', 'Level 1'),
(937, '1592057758', 8, -1, 0, 0, 8, '00:00:31', 'TW', 'Level 1'),
(938, '1592057758', 95, -1, 0, 0, 3, '00:00:31', 'TSD', 'Level 1'),
(939, '1592057758', 113, -1, 0, 0, 3, '00:00:31', 'TSD', 'Level 1'),
(940, '1592057758', 152, -1, 0, 0, 6, '00:00:31', 'PPL', 'Level 1'),
(941, '1592057758', 19, 0, 8, 4, 8, '00:00:31', 'TW', 'Level 1'),
(942, '1592057758', 20, -1, 0, 0, 8, '00:00:31', 'TW', 'Level 1'),
(943, '1592057758', 250, -1, 0, 2, 0, '00:00:31', 'SI', 'Level 1'),
(944, '1592057758', 50, -1, 0, 0, 8, '00:00:31', 'TW', 'Level 1'),
(945, '1592057758', 212, -1, 0, 0, 6, '00:00:31', 'PPL', 'Level 1'),
(946, '1592057800', 219, 1, -1, 0, -1, '00:00:15', 'PPL', 'Level 1'),
(947, '1592057800', 83, 0, 2, 0, 2, '00:00:15', 'TSD', 'Level 1'),
(948, '1592057800', 242, -1, 0, 0, 5, '00:00:15', 'SI', 'Level 1'),
(949, '1592057800', 237, -1, 0, 0, 5, '00:00:15', 'SI', 'Level 1'),
(950, '1592057800', 243, -1, 0, 0, 5, '00:00:15', 'SI', 'Level 1'),
(951, '1592057800', 247, -1, 0, 0, 5, '00:00:15', 'SI', 'Level 1'),
(952, '1592057800', 248, -1, 0, 0, 5, '00:00:15', 'SI', 'Level 1'),
(953, '1592057800', 240, 1, 5, 1, 5, '00:00:15', 'SI', 'Level 1'),
(954, '1592057800', 35, -1, 0, 0, 0, '00:00:15', 'TW', 'Level 1'),
(955, '1592057800', 253, -1, 0, 0, 5, '00:00:15', 'SI', 'Level 1'),
(956, '1592057800', 4, -1, 0, 0, 0, '00:00:15', 'TW', 'Level 1'),
(957, '1592057800', 252, -1, 0, 0, 5, '00:00:15', 'SI', 'Level 1'),
(958, '1592057800', 249, -1, 0, 0, 5, '00:00:15', 'SI', 'Level 1'),
(959, '1592057800', 254, -1, 0, 0, 5, '00:00:15', 'SI', 'Level 1'),
(960, '1592057800', 28, -1, 0, 0, 0, '00:00:15', 'TW', 'Level 1'),
(961, '1592057827', 199, 0, -1, 0, -1, '00:00:08', 'PPL', 'Level 3'),
(962, '1592057827', 253, -1, 0, 0, 0, '00:00:08', 'SI', 'Level 1'),
(963, '1592057827', 38, -1, 0, 0, 0, '00:00:08', 'TW', 'Level 1'),
(964, '1592057827', 28, -1, 0, 0, 0, '00:00:08', 'TW', 'Level 1'),
(965, '1592057827', 19, -1, 0, 0, 0, '00:00:08', 'TW', 'Level 1'),
(966, '1592057827', 30, -1, 0, 0, 0, '00:00:08', 'TW', 'Level 1'),
(967, '1592057827', 15, -1, 0, 0, 0, '00:00:08', 'TW', 'Level 1'),
(968, '1592057827', 47, -1, 0, 0, 0, '00:00:08', 'TW', 'Level 1'),
(969, '1592057827', 4, -1, 0, 0, 0, '00:00:08', 'TW', 'Level 1'),
(970, '1592057827', 12, -1, 0, 0, 0, '00:00:08', 'TW', 'Level 1'),
(971, '1592057827', 49, -1, 0, 0, 0, '00:00:08', 'TW', 'Level 1'),
(972, '1592057827', 7, -1, 0, 0, 0, '00:00:08', 'TW', 'Level 1'),
(973, '1592057827', 50, -1, 0, 0, 0, '00:00:08', 'TW', 'Level 1'),
(974, '1592057827', 48, -1, 0, 0, 0, '00:00:08', 'TW', 'Level 1'),
(975, '1592057827', 135, -1, 0, 0, 0, '00:00:08', 'TSD', 'Level 2'),
(976, '1592069219', 245, 0, 3, 1, 6, '00:00:15', 'SI', 'Level 1'),
(977, '1592069219', 249, 0, 3, 1, 6, '00:00:15', 'SI', 'Level 1'),
(978, '1592069219', 14, 0, 3, 1, 3, '00:00:15', 'TW', 'Level 1'),
(979, '1592069219', 81, 1, 3, 1, 3, '00:00:15', 'TSD', 'Level 1'),
(980, '1592069219', 98, -1, 0, 0, 3, '00:00:15', 'TSD', 'Level 1'),
(981, '1592069219', 6, -1, 0, 0, 3, '00:00:15', 'TW', 'Level 1'),
(982, '1592069219', 256, -1, 0, 0, 6, '00:00:15', 'SI', 'Level 2'),
(983, '1592069219', 49, -1, 0, 0, 3, '00:00:15', 'TW', 'Level 1'),
(984, '1592069219', 239, -1, 0, 0, 6, '00:00:15', 'SI', 'Level 1'),
(985, '1592069219', 25, -1, 0, 0, 3, '00:00:15', 'TW', 'Level 1'),
(986, '1592069219', 85, -1, 0, 0, 3, '00:00:15', 'TSD', 'Level 1'),
(987, '1592069219', 2, -1, 0, 0, 3, '00:00:15', 'TW', 'Level 1'),
(988, '1592069219', 244, -1, 0, 0, 6, '00:00:15', 'SI', 'Level 1'),
(989, '1592069219', 235, -1, 0, 0, 6, '00:00:15', 'SI', 'Level 1'),
(990, '1592069219', 107, -1, 0, 0, 3, '00:00:15', 'TSD', 'Level 1'),
(991, '1592069985', 252, 0, 29, 1, 37, '00:02:16', 'SI', 'Level 1'),
(992, '1592069985', 237, 0, 5, 1, 37, '00:02:16', 'SI', 'Level 1'),
(993, '1592069985', 60, 0, 3, 1, 10, '00:02:16', 'TW', 'Level 2'),
(994, '1592069985', 132, 0, 3, 1, 24, '00:02:16', 'TSD', 'Level 2'),
(995, '1592069985', 60, -1, 0, 0, 10, '00:02:16', 'TW', 'Level 2'),
(996, '1592069985', 208, 0, 4, 1, 36, '00:02:16', 'PPL', 'Level 1'),
(997, '1592069985', 143, 0, 5, 1, 24, '00:02:16', 'TSD', 'Level 2'),
(998, '1592069985', 45, 1, 4, 1, 10, '00:02:16', 'TW', 'Level 1'),
(999, '1592069985', 187, 0, 4, 1, 36, '00:02:16', 'PPL', 'Level 2'),
(1000, '1592069985', 270, 0, 3, 1, 37, '00:02:16', 'SI', 'Level 2'),
(1001, '1592069985', 85, 0, 10, 1, 24, '00:02:16', 'TSD', 'Level 1'),
(1002, '1592069985', 11, 0, 3, 1, 10, '00:02:16', 'TW', 'Level 1'),
(1003, '1592069985', 108, -1, 0, 0, 24, '00:02:16', 'TSD', 'Level 1'),
(1004, '1592069985', 132, 0, 6, 1, 24, '00:02:16', 'TSD', 'Level 2'),
(1005, '1592069985', 205, 0, 28, 2, 36, '00:02:16', 'PPL', 'Level 1'),
(1021, '1592070679', 149, 0, 4, 1, 6, '00:00:17', 'TSD', 'Level 2'),
(1022, '1592070679', 164, 0, 3, 1, 5, '00:00:17', 'PPL', 'Level 1'),
(1023, '1592070679', 67, 0, 2, 1, 2, '00:00:17', 'TW', 'Level 2'),
(1024, '1592070679', 176, 0, 2, 1, 5, '00:00:17', 'PPL', 'Level 2'),
(1025, '1592070679', 83, 0, 2, 1, 6, '00:00:17', 'TSD', 'Level 1'),
(1026, '1592070679', 257, -1, 0, 0, 0, '00:00:17', 'SI', 'Level 2'),
(1027, '1592070679', 74, -1, 0, 0, 2, '00:00:17', 'TW', 'Level 2'),
(1028, '1592070679', 230, -1, 0, 0, 5, '00:00:17', 'PPL', 'Level 2'),
(1029, '1592070679', 235, -1, 0, 0, 0, '00:00:17', 'SI', 'Level 1'),
(1030, '1592070679', 266, -1, 0, 0, 0, '00:00:17', 'SI', 'Level 2'),
(1031, '1592070679', 137, -1, 0, 0, 6, '00:00:17', 'TSD', 'Level 2'),
(1032, '1592070679', 265, -1, 0, 0, 0, '00:00:17', 'SI', 'Level 2'),
(1033, '1592070679', 58, -1, 0, 0, 2, '00:00:17', 'TW', 'Level 2'),
(1034, '1592070679', 46, -1, 0, 0, 2, '00:00:17', 'TW', 'Level 1'),
(1035, '1592070679', 135, -1, 0, 0, 6, '00:00:17', 'TSD', 'Level 2'),
(1036, '1592071326', 248, 0, 3, 1, 16, '00:00:30', 'SI', 'Level 1'),
(1037, '1592071326', 244, 0, 3, 1, 16, '00:00:30', 'SI', 'Level 1'),
(1038, '1592071326', 251, 1, 2, 1, 16, '00:00:30', 'SI', 'Level 1'),
(1039, '1592071326', 252, 0, 3, 1, 16, '00:00:30', 'SI', 'Level 1'),
(1040, '1592071326', 186, 0, 2, 1, 2, '00:00:30', 'PPL', 'Level 2'),
(1041, '1592071326', 245, 1, 2, 1, 16, '00:00:30', 'SI', 'Level 1'),
(1042, '1592071326', 247, 1, 3, 1, 16, '00:00:30', 'SI', 'Level 1'),
(1043, '1592071326', 6, 0, 3, 1, 3, '00:00:30', 'TW', 'Level 1'),
(1044, '1592071326', 253, -1, 0, 0, 16, '00:00:30', 'SI', 'Level 1'),
(1045, '1592071326', 241, -1, 0, 0, 16, '00:00:30', 'SI', 'Level 1'),
(1046, '1592071326', 242, -1, 0, 0, 16, '00:00:30', 'SI', 'Level 1'),
(1047, '1592071326', 255, -1, 0, 0, 16, '00:00:30', 'SI', 'Level 2'),
(1048, '1592071326', 238, -1, 0, 0, 16, '00:00:30', 'SI', 'Level 1'),
(1049, '1592071326', 124, -1, 0, 0, 0, '00:00:30', 'TSD', 'Level 1'),
(1050, '1592071326', 240, -1, 0, 0, 16, '00:00:30', 'SI', 'Level 1'),
(1051, '1592071704', 84, 0, -1, 0, 20, '00:00:39', 'TSD', 'Level 1'),
(1052, '1592071704', 102, 0, 2, 0, 20, '00:00:39', 'TSD', 'Level 1'),
(1053, '1592071704', 101, 0, 2, 0, 20, '00:00:39', 'TSD', 'Level 1'),
(1054, '1592071704', 190, 0, 2, 0, 2, '00:00:39', 'PPL', 'Level 3'),
(1055, '1592071704', 106, 0, 2, 0, 20, '00:00:39', 'TSD', 'Level 1'),
(1056, '1592071704', 88, 0, 3, 0, 20, '00:00:39', 'TSD', 'Level 1'),
(1057, '1592071704', 108, 1, 3, 0, 20, '00:00:39', 'TSD', 'Level 1'),
(1058, '1592071704', 107, 0, 3, 0, 20, '00:00:39', 'TSD', 'Level 1'),
(1059, '1592071704', 271, 1, 3, 1, 3, '00:00:39', 'SI', 'Level 2'),
(1060, '1592071704', 71, 1, 3, 1, 3, '00:00:39', 'TW', 'Level 2'),
(1061, '1592071704', 116, 1, 2, 1, 20, '00:00:39', 'TSD', 'Level 1'),
(1062, '1592071704', 109, 0, 4, 1, 20, '00:00:39', 'TSD', 'Level 1'),
(1063, '1592071704', 92, -1, 0, 0, 20, '00:00:39', 'TSD', 'Level 1'),
(1064, '1592071704', 100, -1, 0, 0, 20, '00:00:39', 'TSD', 'Level 1'),
(1065, '1592071704', 93, -1, 0, 0, 20, '00:00:39', 'TSD', 'Level 1'),
(1066, '1592071765', 273, 0, -1, 0, -1, '00:00:29', 'SI', 'Level 2'),
(1067, '1592071765', 58, 0, 2, 0, 6, '00:00:29', 'TW', 'Level 2'),
(1068, '1592071765', 129, 1, 3, 0, 8, '00:00:29', 'TSD', 'Level 2'),
(1069, '1592071765', 63, 0, 2, 0, 6, '00:00:29', 'TW', 'Level 2'),
(1070, '1592071765', 192, 1, 2, 0, 5, '00:00:29', 'PPL', 'Level 3'),
(1071, '1592071765', 72, 1, 2, 0, 6, '00:00:29', 'TW', 'Level 2'),
(1072, '1592071765', 141, 0, 2, 0, 8, '00:00:29', 'TSD', 'Level 2'),
(1073, '1592071765', 149, 0, 3, 0, 8, '00:00:29', 'TSD', 'Level 2'),
(1074, '1592071765', 229, 0, 3, 0, 5, '00:00:29', 'PPL', 'Level 2'),
(1075, '1592071765', 264, -1, 0, 0, -1, '00:00:29', 'SI', 'Level 2'),
(1076, '1592071765', 171, -1, 0, 0, 5, '00:00:29', 'PPL', 'Level 2'),
(1077, '1592071765', 136, -1, 0, 0, 8, '00:00:29', 'TSD', 'Level 2'),
(1078, '1592071765', 160, -1, 0, 0, 5, '00:00:29', 'PPL', 'Level 1'),
(1079, '1592071765', 85, -1, 0, 0, 8, '00:00:29', 'TSD', 'Level 1'),
(1080, '1592071765', 260, -1, 0, 0, -1, '00:00:29', 'SI', 'Level 2'),
(1081, '1592073184', 260, 0, 3, 1, 13, '00:00:36', 'SI', 'Level 2'),
(1082, '1592073184', 112, 1, 4, 1, 15, '00:00:36', 'TSD', 'Level 1'),
(1083, '1592073184', 253, 0, 7, 1, 13, '00:00:36', 'SI', 'Level 1'),
(1084, '1592073184', 252, 0, 3, 1, 13, '00:00:36', 'SI', 'Level 1'),
(1085, '1592073184', 176, 1, 3, 1, 6, '00:00:36', 'PPL', 'Level 2'),
(1086, '1592073184', 204, 0, 3, 1, 6, '00:00:36', 'PPL', 'Level 1'),
(1087, '1592073184', 147, 0, 3, 1, 15, '00:00:36', 'TSD', 'Level 2'),
(1088, '1592073184', 141, 0, 8, 1, 15, '00:00:36', 'TSD', 'Level 2'),
(1089, '1592073184', 236, -1, 0, 0, 13, '00:00:36', 'SI', 'Level 1'),
(1090, '1592073184', 250, -1, 0, 0, 13, '00:00:36', 'SI', 'Level 1'),
(1091, '1592073184', 242, -1, 0, 0, 13, '00:00:36', 'SI', 'Level 1'),
(1092, '1592073184', 196, -1, 0, 0, 6, '00:00:36', 'PPL', 'Level 3'),
(1093, '1592073184', 74, -1, 0, 0, 0, '00:00:36', 'TW', 'Level 2'),
(1094, '1592073184', 267, -1, 0, 0, 13, '00:00:36', 'SI', 'Level 2'),
(1095, '1592073184', 67, -1, 0, 0, 0, '00:00:36', 'TW', 'Level 2'),
(1096, '1592074156', 3, 1, -1, 0, 25, '00:00:43', 'TW', 'Level 1'),
(1097, '1592074156', 253, 1, 4, 0, 4, '00:00:43', 'SI', 'Level 1'),
(1098, '1592074156', 20, 0, 2, 0, 25, '00:00:43', 'TW', 'Level 1'),
(1099, '1592074156', 4, 0, 3, 0, 25, '00:00:43', 'TW', 'Level 1'),
(1100, '1592074156', 231, 0, 2, 0, 2, '00:00:43', 'PPL', 'Level 2'),
(1101, '1592074156', 47, 0, 2, 0, 25, '00:00:43', 'TW', 'Level 1'),
(1102, '1592074156', 18, 1, 2, 0, 25, '00:00:43', 'TW', 'Level 1'),
(1103, '1592074156', 50, 1, 2, 0, 25, '00:00:43', 'TW', 'Level 1'),
(1104, '1592074156', 25, 0, 3, 1, 25, '00:00:43', 'TW', 'Level 1'),
(1105, '1592074156', 12, 0, 3, 1, 25, '00:00:43', 'TW', 'Level 1'),
(1106, '1592074156', 35, 0, 2, 1, 25, '00:00:43', 'TW', 'Level 1'),
(1107, '1592074156', 39, 1, 7, 1, 25, '00:00:43', 'TW', 'Level 1'),
(1108, '1592074156', 49, -1, 0, 0, 25, '00:00:43', 'TW', 'Level 1'),
(1109, '1592074156', 42, -1, 0, 0, 25, '00:00:43', 'TW', 'Level 1'),
(1110, '1592074156', 143, -1, 0, 0, 0, '00:00:43', 'TSD', 'Level 2'),
(1111, '1592074236', 119, 1, -1, 0, 1, '00:00:09', 'TSD', 'Level 1'),
(1112, '1592074236', 99, 1, 2, 0, 1, '00:00:09', 'TSD', 'Level 1'),
(1113, '1592074236', 62, 0, 2, 0, 2, '00:00:09', 'TW', 'Level 2'),
(1114, '1592074236', 236, -1, 0, 0, 0, '00:00:09', 'SI', 'Level 1'),
(1115, '1592074236', 82, -1, 0, 0, 1, '00:00:09', 'TSD', 'Level 1'),
(1116, '1592074236', 78, -1, 0, 0, 1, '00:00:09', 'TSD', 'Level 1'),
(1117, '1592074236', 89, -1, 0, 0, 1, '00:00:09', 'TSD', 'Level 1'),
(1118, '1592074236', 114, -1, 0, 0, 1, '00:00:09', 'TSD', 'Level 1'),
(1119, '1592074236', 115, -1, 0, 0, 1, '00:00:09', 'TSD', 'Level 1'),
(1120, '1592074236', 90, -1, 0, 0, 1, '00:00:09', 'TSD', 'Level 1'),
(1121, '1592074236', 104, -1, 0, 0, 1, '00:00:09', 'TSD', 'Level 1'),
(1122, '1592074236', 261, -1, 0, 0, 0, '00:00:09', 'SI', 'Level 2'),
(1123, '1592074236', 87, -1, 0, 0, 1, '00:00:09', 'TSD', 'Level 1'),
(1124, '1592074236', 117, -1, 0, 0, 1, '00:00:09', 'TSD', 'Level 1'),
(1125, '1592074236', 95, -1, 0, 0, 1, '00:00:09', 'TSD', 'Level 1'),
(1126, '1592074257', 247, 1, -1, 0, 1, '00:00:06', 'SI', 'Level 1'),
(1127, '1592074257', 248, 0, 2, 0, 1, '00:00:06', 'SI', 'Level 1'),
(1128, '1592074257', 205, -1, 0, 0, 0, '00:00:06', 'PPL', 'Level 1'),
(1129, '1592074257', 203, -1, 0, 0, 0, '00:00:06', 'PPL', 'Level 1'),
(1130, '1592074257', 212, -1, 0, 0, 0, '00:00:06', 'PPL', 'Level 1'),
(1131, '1592074257', 61, -1, 0, 0, 0, '00:00:06', 'TW', 'Level 2'),
(1132, '1592074257', 157, -1, 0, 0, 0, '00:00:06', 'PPL', 'Level 1'),
(1133, '1592074257', 244, -1, 0, 0, 1, '00:00:06', 'SI', 'Level 1'),
(1134, '1592074257', 241, -1, 0, 0, 1, '00:00:06', 'SI', 'Level 1'),
(1135, '1592074257', 154, -1, 0, 0, 0, '00:00:06', 'PPL', 'Level 1'),
(1136, '1592074257', 210, -1, 0, 0, 0, '00:00:06', 'PPL', 'Level 1'),
(1137, '1592074257', 240, -1, 0, 0, 1, '00:00:06', 'SI', 'Level 1'),
(1138, '1592074257', 101, -1, 0, 0, 0, '00:00:06', 'TSD', 'Level 1'),
(1139, '1592074257', 152, -1, 0, 0, 0, '00:00:06', 'PPL', 'Level 1'),
(1140, '1592074257', 246, -1, 0, 0, 1, '00:00:06', 'SI', 'Level 1'),
(1141, '1592074278', 90, 0, -1, 0, 7, '00:00:49', 'TSD', 'Level 1'),
(1142, '1592074278', 155, 0, 4, 0, 12, '00:00:49', 'PPL', 'Level 1'),
(1143, '1592074278', 124, 1, 2, 0, 7, '00:00:49', 'TSD', 'Level 1'),
(1144, '1592074278', 109, 1, 3, 0, 7, '00:00:49', 'TSD', 'Level 1'),
(1145, '1592074278', 93, 0, 3, 0, 7, '00:00:49', 'TSD', 'Level 1'),
(1146, '1592074278', 209, 0, 2, 0, 12, '00:00:49', 'PPL', 'Level 1'),
(1147, '1592074278', 50, 0, 3, 0, 13, '00:00:49', 'TW', 'Level 1'),
(1148, '1592074278', 205, 0, 2, 0, 12, '00:00:49', 'PPL', 'Level 1'),
(1149, '1592074278', 256, 1, 2, 0, 2, '00:00:49', 'SI', 'Level 2'),
(1150, '1592074278', 10, 0, 2, 0, 13, '00:00:49', 'TW', 'Level 1'),
(1151, '1592074278', 4, 0, 3, 0, 13, '00:00:49', 'TW', 'Level 1'),
(1152, '1592074278', 36, 0, 2, 0, 13, '00:00:49', 'TW', 'Level 1'),
(1153, '1592074278', 21, 0, 3, 1, 13, '00:00:49', 'TW', 'Level 1'),
(1154, '1592074278', 169, 0, 2, 1, 12, '00:00:49', 'PPL', 'Level 2'),
(1155, '1592074278', 157, 0, 2, 1, 12, '00:00:49', 'PPL', 'Level 1'),
(1156, '1592074506', 172, 1, -1, 0, -1, '00:00:10', 'PPL', 'Level 2'),
(1157, '1592074506', 70, 0, 3, 0, 3, '00:00:10', 'TW', 'Level 2'),
(1158, '1592074506', 260, 0, 3, 0, 3, '00:00:10', 'SI', 'Level 2'),
(1159, '1592074506', 60, -1, 0, 0, 3, '00:00:10', 'TW', 'Level 2'),
(1160, '1592074506', 181, -1, 0, 0, -1, '00:00:10', 'PPL', 'Level 2'),
(1161, '1592074506', 210, -1, 0, 0, -1, '00:00:10', 'PPL', 'Level 1'),
(1162, '1592074506', 141, -1, 0, 0, 0, '00:00:10', 'TSD', 'Level 2'),
(1163, '1592074506', 129, -1, 0, 0, 0, '00:00:10', 'TSD', 'Level 2'),
(1164, '1592074506', 139, -1, 0, 0, 0, '00:00:10', 'TSD', 'Level 2'),
(1165, '1592074506', 209, -1, 0, 0, -1, '00:00:10', 'PPL', 'Level 1'),
(1166, '1592074506', 26, -1, 0, 0, 3, '00:00:10', 'TW', 'Level 1'),
(1167, '1592074506', 30, -1, 0, 0, 3, '00:00:10', 'TW', 'Level 1'),
(1168, '1592074506', 196, -1, 0, 0, -1, '00:00:10', 'PPL', 'Level 3'),
(1169, '1592074506', 274, -1, 0, 0, 3, '00:00:10', 'SI', 'Level 2'),
(1170, '1592074506', 67, -1, 0, 0, 3, '00:00:10', 'TW', 'Level 2'),
(1171, '1592074528', 124, 0, -1, 0, -1, '00:00:05', 'TSD', 'Level 1'),
(1172, '1592074528', 82, -1, 0, 0, -1, '00:00:05', 'TSD', 'Level 1'),
(1173, '1592074528', 119, -1, 0, 0, -1, '00:00:05', 'TSD', 'Level 1'),
(1174, '1592074528', 113, -1, 0, 0, -1, '00:00:05', 'TSD', 'Level 1'),
(1175, '1592074528', 162, -1, 0, 0, 0, '00:00:05', 'PPL', 'Level 1'),
(1176, '1592074528', 80, -1, 0, 0, -1, '00:00:05', 'TSD', 'Level 1'),
(1177, '1592074528', 120, -1, 0, 0, -1, '00:00:05', 'TSD', 'Level 1'),
(1178, '1592074528', 96, -1, 0, 0, -1, '00:00:05', 'TSD', 'Level 1'),
(1179, '1592074528', 112, -1, 0, 0, -1, '00:00:05', 'TSD', 'Level 1'),
(1180, '1592074528', 93, -1, 0, 0, -1, '00:00:05', 'TSD', 'Level 1'),
(1181, '1592074528', 83, -1, 0, 0, -1, '00:00:05', 'TSD', 'Level 1'),
(1182, '1592074528', 248, -1, 0, 0, 0, '00:00:05', 'SI', 'Level 1'),
(1183, '1592074528', 90, -1, 0, 0, -1, '00:00:05', 'TSD', 'Level 1'),
(1184, '1592074528', 87, -1, 0, 0, -1, '00:00:05', 'TSD', 'Level 1'),
(1185, '1592074528', 18, -1, 0, 0, 0, '00:00:05', 'TW', 'Level 1'),
(1186, '1592074543', 38, 0, -1, 0, 6, '00:00:28', 'TW', 'Level 1'),
(1187, '1592074543', 249, 1, 6, 0, 6, '00:00:28', 'SI', 'Level 1'),
(1188, '1592074543', 217, 1, 5, 0, 5, '00:00:28', 'PPL', 'Level 1'),
(1189, '1592074543', 44, 0, 7, 0, 6, '00:00:28', 'TW', 'Level 1'),
(1190, '1592074543', 213, -1, 0, 0, 5, '00:00:28', 'PPL', 'Level 1'),
(1191, '1592074543', 238, -1, 0, 0, 6, '00:00:28', 'SI', 'Level 1'),
(1192, '1592074543', 210, -1, 0, 0, 5, '00:00:28', 'PPL', 'Level 1'),
(1193, '1592074543', 46, -1, 0, 0, 6, '00:00:28', 'TW', 'Level 1'),
(1194, '1592074543', 242, -1, 0, 0, 6, '00:00:28', 'SI', 'Level 1'),
(1195, '1592074543', 105, -1, 0, 0, 0, '00:00:28', 'TSD', 'Level 1'),
(1196, '1592074543', 40, -1, 0, 0, 6, '00:00:28', 'TW', 'Level 1'),
(1197, '1592074543', 215, -1, 0, 0, 5, '00:00:28', 'PPL', 'Level 1'),
(1198, '1592074543', 254, -1, 0, 0, 6, '00:00:28', 'SI', 'Level 1'),
(1199, '1592074543', 243, -1, 0, 0, 6, '00:00:28', 'SI', 'Level 1'),
(1200, '1592074543', 19, -1, 0, 0, 6, '00:00:28', 'TW', 'Level 1'),
(1201, '1592074583', 122, 0, -1, 0, -1, '00:00:06', 'TSD', 'Level 1'),
(1202, '1592074583', 102, -1, 0, 0, -1, '00:00:06', 'TSD', 'Level 1'),
(1203, '1592074583', 114, -1, 0, 0, -1, '00:00:06', 'TSD', 'Level 1'),
(1204, '1592074583', 75, -1, 0, 0, -1, '00:00:06', 'TSD', 'Level 1'),
(1205, '1592074583', 119, -1, 0, 0, -1, '00:00:06', 'TSD', 'Level 1'),
(1206, '1592074583', 21, -1, 0, 0, 0, '00:00:06', 'TW', 'Level 1'),
(1207, '1592074583', 253, -1, 0, 0, 0, '00:00:06', 'SI', 'Level 1'),
(1208, '1592074583', 86, -1, 0, 0, -1, '00:00:06', 'TSD', 'Level 1'),
(1209, '1592074583', 165, -1, 0, 0, 0, '00:00:06', 'PPL', 'Level 1'),
(1210, '1592074583', 79, -1, 0, 0, -1, '00:00:06', 'TSD', 'Level 1'),
(1211, '1592074583', 118, -1, 0, 0, -1, '00:00:06', 'TSD', 'Level 1'),
(1212, '1592074583', 92, -1, 0, 0, -1, '00:00:06', 'TSD', 'Level 1'),
(1213, '1592074583', 90, -1, 0, 0, -1, '00:00:06', 'TSD', 'Level 1'),
(1214, '1592074583', 85, -1, 0, 0, -1, '00:00:06', 'TSD', 'Level 1'),
(1215, '1592074583', 80, -1, 0, 0, -1, '00:00:06', 'TSD', 'Level 1'),
(1216, '1592074602', 253, 0, -1, 0, -1, '00:00:10', 'SI', 'Level 1'),
(1217, '1592074602', 202, 1, 5, 0, 5, '00:00:10', 'PPL', 'Level 1'),
(1218, '1592074602', 36, -1, 0, 0, 0, '00:00:10', 'TW', 'Level 1'),
(1219, '1592074602', 14, -1, 0, 0, 0, '00:00:10', 'TW', 'Level 1'),
(1220, '1592074602', 162, -1, 0, 0, 5, '00:00:10', 'PPL', 'Level 1'),
(1221, '1592074602', 95, -1, 0, 0, 0, '00:00:10', 'TSD', 'Level 1'),
(1222, '1592074602', 31, -1, 0, 0, 0, '00:00:10', 'TW', 'Level 1'),
(1223, '1592074602', 211, -1, 0, 0, 5, '00:00:10', 'PPL', 'Level 1'),
(1224, '1592074602', 166, -1, 0, 0, 5, '00:00:10', 'PPL', 'Level 1'),
(1225, '1592074602', 244, -1, 0, 0, -1, '00:00:10', 'SI', 'Level 1'),
(1226, '1592074602', 12, -1, 0, 0, 0, '00:00:10', 'TW', 'Level 1'),
(1227, '1592074602', 252, -1, 0, 0, -1, '00:00:10', 'SI', 'Level 1'),
(1228, '1592074602', 3, -1, 0, 0, 0, '00:00:10', 'TW', 'Level 1'),
(1229, '1592074602', 250, -1, 0, 0, -1, '00:00:10', 'SI', 'Level 1'),
(1230, '1592074602', 237, -1, 0, 0, -1, '00:00:10', 'SI', 'Level 1'),
(1231, '1592080419', 75, 0, 3, 1, 6, '00:00:34', 'TSD', 'Level 1'),
(1232, '1592080419', 99, 0, 3, 1, 6, '00:00:34', 'TSD', 'Level 1'),
(1233, '1592080419', 247, 0, 3, 1, 3, '00:00:34', 'SI', 'Level 1'),
(1234, '1592080419', 35, 0, 2, 1, 6, '00:00:34', 'TW', 'Level 1'),
(1235, '1592080419', 85, -1, 0, 0, 6, '00:00:34', 'TSD', 'Level 1'),
(1236, '1592080419', 213, -1, 0, 0, 0, '00:00:34', 'PPL', 'Level 1'),
(1237, '1592080419', 15, -1, 0, 0, 6, '00:00:34', 'TW', 'Level 1'),
(1238, '1592080419', 19, 0, 4, 1, 6, '00:00:34', 'TW', 'Level 1'),
(1239, '1592080419', 14, -1, 0, 0, 6, '00:00:34', 'TW', 'Level 1'),
(1240, '1592080419', 102, -1, 0, 0, 6, '00:00:34', 'TSD', 'Level 1'),
(1241, '1592080419', 95, -1, 0, 0, 6, '00:00:34', 'TSD', 'Level 1'),
(1242, '1592080419', 50, -1, 0, 0, 6, '00:00:34', 'TW', 'Level 1'),
(1243, '1592080419', 46, -1, 0, 0, 6, '00:00:34', 'TW', 'Level 1'),
(1244, '1592080419', 94, -1, 0, 0, 6, '00:00:34', 'TSD', 'Level 1'),
(1245, '1592080419', 4, -1, 0, 0, 6, '00:00:34', 'TW', 'Level 1'),
(1246, '1592081242', 150, 0, -1, 0, 2, '00:00:11', 'PPL', 'Level 1'),
(1247, '1592081242', 272, 1, 3, 0, 3, '00:00:11', 'SI', 'Level 2'),
(1248, '1592081242', 152, 0, 3, 0, 2, '00:00:11', 'PPL', 'Level 1'),
(1249, '1592081242', 203, -1, 0, 0, 2, '00:00:11', 'PPL', 'Level 1'),
(1250, '1592081242', 215, -1, 0, 0, 2, '00:00:11', 'PPL', 'Level 1'),
(1251, '1592081242', 151, -1, 0, 0, 2, '00:00:11', 'PPL', 'Level 1'),
(1252, '1592081242', 23, -1, 0, 0, 0, '00:00:11', 'TW', 'Level 1'),
(1253, '1592081242', 109, -1, 0, 0, 0, '00:00:11', 'TSD', 'Level 1'),
(1254, '1592081242', 157, -1, 0, 0, 2, '00:00:11', 'PPL', 'Level 1'),
(1255, '1592081242', 154, -1, 0, 0, 2, '00:00:11', 'PPL', 'Level 1'),
(1256, '1592081242', 153, -1, 0, 0, 2, '00:00:11', 'PPL', 'Level 1'),
(1257, '1592081242', 210, -1, 0, 0, 2, '00:00:11', 'PPL', 'Level 1'),
(1258, '1592081242', 166, -1, 0, 0, 2, '00:00:11', 'PPL', 'Level 1'),
(1259, '1592081242', 167, -1, 0, 0, 2, '00:00:11', 'PPL', 'Level 1'),
(1260, '1592081242', 206, -1, 0, 0, 2, '00:00:11', 'PPL', 'Level 1'),
(1261, '1592082009', 19, 1, 2, 1, 8, '00:00:40', 'TW', 'Level 1'),
(1262, '1592082009', 160, 1, 3, 2, 7, '00:00:40', 'PPL', 'Level 1'),
(1263, '1592082009', 142, 1, 3, 2, 11, '00:00:40', 'TSD', 'Level 2'),
(1264, '1592082009', 162, 0, 4, 2, 7, '00:00:40', 'PPL', 'Level 1'),
(1265, '1592082009', 266, 0, 4, 3, 7, '00:00:40', 'SI', 'Level 2'),
(1266, '1592082009', 239, 0, 3, 2, 7, '00:00:40', 'SI', 'Level 1'),
(1267, '1592082009', 140, 0, 2, 1, 11, '00:00:40', 'TSD', 'Level 2'),
(1268, '1592082009', 48, 0, 3, 1, 8, '00:00:40', 'TW', 'Level 1'),
(1269, '1592082009', 75, 0, 6, 3, 11, '00:00:40', 'TSD', 'Level 1'),
(1270, '1592082009', 68, 0, 3, 2, 8, '00:00:40', 'TW', 'Level 2'),
(1271, '1592082009', 89, -1, 0, 0, 11, '00:00:40', 'TSD', 'Level 1'),
(1272, '1592082009', 128, -1, 0, 0, 11, '00:00:40', 'TSD', 'Level 2'),
(1273, '1592082009', 69, -1, 0, 0, 8, '00:00:40', 'TW', 'Level 2'),
(1274, '1592082009', 238, -1, 0, 0, 7, '00:00:40', 'SI', 'Level 1'),
(1275, '1592082009', 180, -1, 0, 0, 7, '00:00:40', 'PPL', 'Level 2');

-- --------------------------------------------------------

--
-- Table structure for table `performance`
--

CREATE TABLE `performance` (
  `id` int(11) NOT NULL,
  `testId` varchar(100) NOT NULL,
  `TSD` double NOT NULL,
  `TW` double NOT NULL,
  `SI` double NOT NULL,
  `PPL` double NOT NULL,
  `testP` double NOT NULL,
  `Username` varchar(500) NOT NULL,
  `gLevel` varchar(100) NOT NULL
) ENGINE=InnoDB DEFAULT CHARSET=utf8mb4;

--
-- Dumping data for table `performance`
--

INSERT INTO `performance` (`id`, `testId`, `TSD`, `TW`, `SI`, `PPL`, `testP`, `Username`, `gLevel`) VALUES
(28, '1592043613', 0.7433333333333334, 0.6883333333333334, 0.7799999999999999, 0.6883333333333334, 0.7250000000000001, 'Manisha', 'Master'),
(29, '1592052078', 0.3491666666666667, 0.5875, 0.46222222222222226, 0.5187499999999999, 0.4794097222222222, 'Manisha', 'Intermediate'),
(30, '1592052124', 0.2813333333333333, 0.46222222222222226, 0.17958333333333334, 0.23611111111111113, 0.28981250000000003, 'Manisha', 'Beginner'),
(31, '1592052167', 0.3491666666666667, 0.01, 0.7176666666666667, 0.4179166666666667, 0.3736875, 'Manisha', 'Beginner'),
(32, '1592053130', 0.01, 0.3155555555555554, 0.9633333333333334, 0.6883333333333334, 0.49430555555555555, 'Manisha', 'Intermediate'),
(33, '1592057700', 0.04361111111111112, 0.1383333333333333, 0.01, 0.01, 0.05048611111111111, 'Manisha', 'Beginner'),
(34, '1592057733', 0.01, 0.01, 0.12305555555555557, 0.01, 0.038263888888888896, 'Manisha', 'Beginner'),
(35, '1592057758', 0.17958333333333334, 0.035666666666666666, 0.01, 0.2813333333333333, 0.12664583333333335, 'Manisha', 'Beginner'),
(36, '1592057800', 0.6883333333333334, 0.01, 0.10533333333333335, 0.9633333333333334, 0.44175000000000003, 'Manisha', 'Intermediate'),
(37, '1592057827', 0.01, 0.009999999999999998, 0.01, 0.6883333333333334, 0.17958333333333334, 'Manisha', 'Beginner'),
(38, '1592069219', 0.24833333333333335, 0.14566666666666667, 0.23611111111111113, 0.01, 0.16002777777777777, 'Manisha', 'Beginner'),
(39, '1592069985', 0.5526666666666666, 0.5875, 0.6638888888888889, 0.5722222222222223, 0.5940694444444444, 'sachin.thosar', 'Intermediate'),
(40, '1592070679', 0.3491666666666667, 0.17958333333333334, 0.01, 0.46222222222222226, 0.2502430555555556, 'sachin.thosar', 'Beginner'),
(41, '1592071326', 0.01, 0.6883333333333334, 0.41791666666666655, 0.6883333333333334, 0.45114583333333336, 'sachin.thosar', 'Intermediate'),
(42, '1592071704', 0.5645833333333333, 0.9633333333333334, 0.9633333333333334, 0.6883333333333334, 0.7948958333333334, 'sachin.thosar', 'Master'),
(43, '1592071765', 0.472, 0.7799999999999999, 0.23611111111111113, 0.4179166666666667, 0.4765069444444444, 'sachin.thosar', 'Intermediate'),
(44, '1592073184', 0.6195833333333333, 0.01, 0.20053571428571432, 0.47138888888888886, 0.3253769841269841, 'sachin.thosar', 'Beginner'),
(45, '1592074156', 0.01, 0.5454861111111111, 0.9495833333333331, 0.4545833333333334, 0.48991319444444437, 'sachin.thosar', 'Intermediate'),
(46, '1592074236', 0.1665972222222222, 0.4545833333333334, 0.01, 0.01, 0.1602951388888889, 'sachin.thosar', 'Beginner'),
(47, '1592074257', 0.01, 0.01, 0.24069444444444443, 0.01, 0.06767361111111111, 'sachin.thosar', 'Beginner'),
(48, '1592074278', 0.7020833333333333, 0.45458333333333345, 0.9495833333333331, 0.45458333333333345, 0.6402083333333333, 'sachin.thosar', 'Intermediate'),
(49, '1592074506', 0.01, 0.09891666666666668, 0.2322916666666667, 0.19791666666666663, 0.13478125000000002, 'sachin.thosar', 'Beginner'),
(50, '1592074528', 0.04704861111111112, 0.01, 0.01, 0.01, 0.019262152777777777, 'sachin.thosar', 'Beginner'),
(51, '1592074543', 0.01, 0.18783333333333335, 0.19791666666666663, 0.24489583333333328, 0.1601614583333333, 'sachin.thosar', 'Beginner'),
(52, '1592074583', 0.04704861111111112, 0.01, 0.01, 0.01, 0.019262152777777777, 'sachin.thosar', 'Beginner'),
(53, '1592074602', 0.01, 0.01, 0.09891666666666668, 0.24489583333333328, 0.090953125, 'sachin.thosar', 'Beginner'),
(54, '1592080419', 0.15819444444444447, 0.13702380952380955, 0.4545833333333334, 0.01, 0.18995039682539686, 'sachin.thosar', 'Beginner'),
(55, '1592081242', 0.01, 0.01, 0.9495833333333331, 0.08409722222222223, 0.2634201388888888, 'sachin.thosar', 'Beginner'),
(56, '1592082009', 0.28500000000000003, 0.42937500000000006, 0.15513888888888894, 0.3705555555555556, 0.31001736111111117, 'greeva.shah', 'Beginner');

-- --------------------------------------------------------

--
-- Table structure for table `questiondata`
--

CREATE TABLE `questiondata` (
  `QNo` int(3) NOT NULL,
  `Statement` varchar(554) DEFAULT NULL,
  `Common Info` varchar(245) DEFAULT NULL,
  `Image` varchar(10) DEFAULT NULL,
  `option1` varchar(36) DEFAULT NULL,
  `option2` varchar(38) DEFAULT NULL,
  `option3` varchar(37) DEFAULT NULL,
  `option4` varchar(66) DEFAULT NULL,
  `Answer` varchar(3) DEFAULT NULL,
  `Difficulty` varchar(7) DEFAULT NULL,
  `Topic` varchar(3) DEFAULT NULL
) ENGINE=InnoDB DEFAULT CHARSET=utf8;

--
-- Dumping data for table `questiondata`
--

INSERT INTO `questiondata` (`QNo`, `Statement`, `Common Info`, `Image`, `option1`, `option2`, `option3`, `option4`, `Answer`, `Difficulty`, `Topic`) VALUES
(1, 'Raju can do 25% of a piece of work in 5 days. How\r\nmany days will he take to complete the work ten\r\ntimes?', '', '', '150 days', '250 days', '200 days', '180 days', 'c', 'Level 1', 'TW'),
(2, '6 men can do a piece of work in 12 days. How many\nmen are needed to do the work in 18 days.\n', '', '', '3 men', '6 men', '4 men', '2 men', 'c', 'Level 1', 'TW'),
(3, 'A can do a piece of work in 20 days and B can do\nit in 15 days. How long will they take if both work\ntogether?\n', '', '', '8(6/7) days', '8(4/7) days', '9(3/7) days', '9(4/7) days', 'b', 'Level 1', 'TW'),
(4, 'A can do a piece of work in 20 days and B can do\nit in 15 days. IfC who canfinishsame work in \n25 days, joins them, then how long will they take\nto complete the work?', '', '', '6(18/47) days', '12 days', '2(8/11) days', '47(6/18) days', 'a', 'Level 1', 'TW'),
(5, 'Nishu and Archana can do a piece of work in 10\ndays and Nishu alone can do it in 12 days. In how\nmany days can Archana do it alone?\n', '', '', '60 days ', '30 days ', '50 days', '45 days', 'a', 'Level 1', 'TW'),
(6, 'Baba alone can do a piece of work in 10 days. Anshu\nalone can do it in 15 days. If the total wages for\nthe work is $50. How much should Baba be paid\nif they work together for the entire duration of the\nwork?\n', '', '', '$30', '$20', '$50', '$40', 'a', 'Level 1', 'TW'),
(7, '4 men and 3 women finish a job in 6 days, and 5\r\nmen and 7 women can do the same job in 4 days.\r\nHow long will 1 man and 1 woman take to do the\r\nwork?', '', '', '22(2/7) days', '25(1/2) days', '5(1/7) days', '12(7/22) days', 'a', 'Level 1', 'TW'),
(8, 'If 8 boys and 12 women can do a piece of work in\n25 days, in how many days can the work be done\nby 6 boys and 11 women working together?\n', '', '', '15 days', '10 days', '12 days', 'Cannot be determined', 'd', 'Level 1', 'TW'),
(9, 'A can do a piece of work in 10 days and B can do\nthe same work in 20 days. With the help of C, they\nfinish the work in 5 days. How long will it take for\nC alone to finish the work?\n', '', '', '20 days', '10 days', '35 days', '15 days', 'a', 'Level 1', 'TW'),
(10, 'A can do a piece of work in 20 days. He works at\nit for 5 days and then B finishes it in 10 more days.\nIn how many days will A and B together finish the\nwork?\n', '', '', '8 days', '10 days', '12 days', '6 days', 'a', 'Level 1', 'TW'),
(11, 'A and B undertake to do a piece of work for $100.\r\nA can do it in 5 days and B can do it in 10 days.\r\nWith the help of C, they finish it in 2 days. How\r\nmuch should C be paid for his contribution?', '', '', '$40', '$20', '$60', '$30', 'a', 'Level 1', 'TW'),
(12, 'Twenty workers can finish a piece of work in 30\ndays. After how many days should 5 workers leave\nthe job so that the work is completed in 35 days?\n', '', '', '5 days', '10 days', '15 days', '20 days', 'c', 'Level 1', 'TW'),
(13, 'Arun and Vinay together can do a piece of work in\n7 days. If Arun does twice as much work as Vinay\nin a given time, how long will Arun alone take to\ndo the work.', '', '', '6.33 days', '10.5 days', '11 days', '72 days', 'b', 'Level 1', 'TW'),
(14, 'Subhash can copy 50 pages in 10 hours; Subhash and\nPrakash together can copy 300 pages in 40 hours. In\nhow much time can Prakash copy 30 pages?\n', '', '', '13 h', '12 h', '11 h', '9 h', 'b', 'Level 1', 'TW'),
(15, 'X number of men can finish a piece of work in 30 days. If there were 6 men more, the work could be finished in 10 days less. What is the original number\nof men?\n', '', '', '10', '11', '12', '15', 'c', 'Level 1', 'TW'),
(16, 'Sashi can do a piece of work in 25 days and Rishi\ncan do it in 20 days. They work for 5 days and then\nSashi goes away. In how many more days will Rishi\nfinish the work?\n', '', '', '10 days', '12 days', '14 days', 'None of These', 'd', 'Level 1', 'TW'),
(17, 'Raju can do a piece of work in 10 days, Vicky in 12\ndays and Tinku in 15 days. They all start the work\ntogether, but Raju leaves after 2 days and Vicky\nleaves 3 days before the work is completed. In how\nmany days is the work completed?\n', '', '', '5 days', '6 days', '7 days ', '8 days', 'c', 'Level 1', 'TW'),
(18, 'Sambhu can do 1/2 of the work in 8 days while Kalu\r\ncan do 1/3 of the work in 6 days. How long will it\r\ntake for both of them to finish the work?\r\n', '', '', '88/17 days', '144/17 days', '72/17 days', '8 days', 'b', 'Level 1', 'TW'),
(19, 'Manoj takes twice as much time as Anjay and thrice\nas much as Vijay to finish a piece of work. Together\nthey finish the work in 1 day. What is the time taken\nby Manoj to finish the work?\n', '', '', '6 days ', '3 days', '2 days', '4 days', 'a', 'Level 1', 'TW'),
(20, 'An engineer undertakes a project to build a road 15\nkm long in 300 days and employs 45 men for the\npurpose. After 100 days, he finds only 2.5 km of the\nroad has been completed. Find the (approx.) number\nof extra men he must employ to finish the work in time.\n', '', '', '43', '45', '55', '68', 'd', 'Level 1', 'TW'),
(21, 'Apurva can do a piece of work in 12 days. Apurva\nand Amit complete the work together and were paid\n$54 and $81 respectively. How many days must\nthey have taken to complete the work together?\n', '', '', '4 days', '4.5 days', '4.8 days', '5 days', 'c', 'Level 1', 'TW'),
(22, 'Raju is twice as good as Vijay. Together, they finish\nthe work in 14 days. In how many days can Vijay\nalone do the same work?\n', '', '', '16 days', '21 days', '32 days', '42 days', 'd', 'Level 1', 'TW'),
(23, 'In a company XYZ Ltd. a certain number of engi-\nneers can develop a design in 40 days. If there were\n5 more engineers, it could be finished in 10 days less.\nHow many engineers were there in the beginning?\n', '', '', '18', '20', '25', '15', 'd', 'Level 1', 'TW'),
(24, 'If 12 men and 16 boys can do a piece of work in 5\ndays and 13 men and 24 boys can do it in 4 days,compare the daily work done by a man with that\ndone by a boy?\n', '', '', '1:2', '1:3', '2:1', '3:1', 'c', 'Level 1', 'TW'),
(25, 'A can do a work in 10 days and B can do the same\nwork in 20 days. They work together for 5 days and\nthen A goes away. In how many more days will B\nfinish the work?\n', '', '', '5 days', '6.5 days', '10 days', '8.33 days', 'a', 'Level 1', 'TW'),
(26, '30 men working 5 h a day can do a work in 16 days.\nIn how many days will 20 men working 6 h a day\ndo the same work?\n', '', '', '22.5 days', '20 days', '21 days', 'none of these', 'b', 'Level 1', 'TW'),
(27, 'Ajay and Vijay undertake to do a piece of work for\n$200. Ajay alone can do it in 24 days while Vijay\nalone can do it in 30 days. With the help of Pradeep,\nthey finish the work in 12 days. How much should\nPradeep get for his work?\n', '', '', '$20', '$100', '$180', '$50', 'a', 'Level 1', 'TW'),
(28, '15 men could finish a piece of work in 210 days. But\nat the end of 100 days, 15 additional men are employed.\nIn how many more days will the work be complete?\n', '', '', '80 days', '60 days', '55 days', '50 days', 'c', 'Level 1', 'TW'),
(29, 'Ajay, Vijay and Sanjay are employed to do a piece\nof work for $529. Ajay and Vijay together are\nsupposed to do 19/23 of the work and Vijay and\nSanjay together 8/23 of the work. How much should\nAjay be paid?\n', '', '', '$245', '$295', '$300', '$345', 'd', 'Level 1', 'TW'),
(30, 'Anmol is thrice as good a workman as Vinay and\r\ntherefore is able to finish the job in 60 days less\r\nthan Vinay. In how many days will they finish the\r\njob working together?\r', '', '', '22(1/2) days', '11(3/2) days', '15 days', '20 days', 'a', 'Level 1', 'TW'),
(31, 'In a fort there was sufficient food for 200 soldiers\nfor 31 days. After 27 days 120 soldiers left the fort.\nFor how many extra days will the rest of the food\nlast for the remaining soldiers?', '', '', '12 days ', '10 days', '8 days', '6 days', 'd', 'Level 1', 'TW'),
(32, 'Anju, Manju and Sanju together can reap a field in 6\ndays. If Anju can do it alone in 10 days and Manju\nin 24 days. In how many days will Sanju alone be\nable to reap the field?\n', '', '', '40 days', '36 days', '35 days', '32 days', 'a', 'Level 1', 'TW'),
(33, 'Ajay and Vijay can do a piece of work in 28 days.\nWith the help of Manoj, they can finish it in 21\ndays. How long will Manoj take to finish the work\nall alone?\n', '', '', '84 days ', '80 days', '75 days', '70 days', 'a', 'Level 1', 'TW'),
(34, 'Ashok and Mohan can do a piece of work in 12\ndays. Mohan and Binod together do it in 15 days.\nIf Ashok is twice as good a workman as Binod. In\nhow much time will Mohan alone can do the work?\n', '', '', '15 days', '20 days', '25 days', '35 days', 'b', 'Level 1', 'TW'),
(35, 'Ajay and Vijay together can do a piece of work in 6\ndays. Ajay alone does it in 10 days. What time does\nVijay require to do it alone?\n', '', '', '20 days', '15 days', '25 days', '30 days', 'b', 'Level 1', 'TW'),
(36, 'A cistern is normally filled in 5 hours. However, it\ntakes 6 hours when there is leak in its bottom. If the\ncistern is full, in what time shall the leak empty it?\n', '', '', '6 h', '5 h', '30 h', '15 h', 'c', 'Level 1', 'TW'),
(37, 'Pipe A and B running together can fill a cistern in 6\nminutes. If B takes 5 minutes more than A to fill the\ncistern, then the time in A and B will fill the cistern\nseparately what time?', '', '', '15 min, 20 min', '15 min, 10 min', '10 min, 15 min', '25 min, 20 min', 'c', 'Level 1', 'TW'),
(38, 'A can do a work in 18 days, B in 9 days and C in\n6 days. A and B start working together and after 2\ndays C joins them. In how many days will the job\nbe completed?\n', '', '', '4.33 days', '4 days', '4.66 days', '5 days', 'b', 'Level 1', 'TW'),
(39, '24 men working 8 h a day can finish a work in 10\ndays. Working at a rate of 10 h a day, the number\nof men required to finish the work in 6 days is\n', '', '', '30', '32', '34', '36', 'b', 'Level 1', 'TW'),
(40, 'A certain job was assigned to a group of men to do\nit in 20 days. But 12 men did not turn up for the\njob and the remaining men did the job in 32 days.\nThe original number of men in group was\n', '', '', '32', '34', '36', '40', 'a', 'Level 1', 'TW'),
(41, '12 men complete a work in 18 days. 6 days after\r\nthey had started working, 4 men join them. How many more days will all of them take to complete\r\nthe remaining work?', '', '', '10 days', '12 days', '15 days', '9 days', 'd', 'Level 1', 'TW'),
(42, 'A takes 5 days more than B to do a certain job and\r\n9 days more than C; A and B together can do the\r\njob in the same time as C. How many days A would\r\ntake to do it?', '', '', '16 days', '10 days', '15 days', '20 days', 'c', 'Level 1', 'TW'),
(43, 'A cistern is normally filled in 6 h but takes 4 h longer\nto fill because of a leak in its bottom. If the cistern\nis full, the leak will empty it in how much time?\n', '', '', '15 h', '16 h', '20 h', 'None of These', 'a', 'Level 1', 'TW'),
(44, 'If three taps are open together, a tank is filled in 10\nh. One of the taps can fill in 5 h and another in 10\nh. At what rate does the 3rd pipe work?\n', '', '', 'waste pipe emptying the tank is 10 h', 'Waste pipe emptying the tank is 20 h\r\n', 'Waste pipe emptying the tank is 5 h', 'Fills the tank in 10 h', 'c', 'Level 1', 'TW'),
(45, 'There are two pipes in a tank. Pipe A is for filling\nthe tank and Pipe B is for emptying the tank. If A\ncan fill the tank in 10 hours and B can empty the\ntank in 15 hours then find how many hours will it\ntake to completely fill a half empty tank?\n', '', '', '30 hours ', '15 hours', '20 hours', '33.33 hours', 'b', 'Level 1', 'TW'),
(46, 'Abbot can do some work in 10 days, Bill can do\nit in 20 days and Clinton can do it in 40 days.\nThey start working in turns with Abbot starting\nto work on the first day followed by Bill on the\nsecond day and by Clinton on the third day and\nagain by Abbot on the fourth day and so on till\nthe work is completed fully. Find the time taken\nto complete the work fully?\n', '', '', '16 days', '15 days', '17 days', '16.5 days', 'd', 'Level 1', 'TW'),
(47, 'A, B and C can do some work in 36 days. A and B\ntogether do twice as much work as C alone and A and\nC together can do thrice as much work as B alone.\nFind the time taken by C to do the whole work.\n', '', '', '72 days', '96 days', '108 days', '120 days', 'c', 'Level 1', 'TW'),
(48, 'There are three Taps A, B and C in a tank. They can\r\nfill the tank in 10 hrs, 20 hrs and 25 hrs, respectively.\r\nAt first, all of them are opened simultaneously. Then\r\nafter 2 hours, tap C is closed and A and B are kept\r\nrunning. After the 4th hour, tap B is also closed.\r\nThe remaining work is done by Tap A alone. Find\r\nthe percentage of the work done by Tap A by itself.', '', '', '32%', '52%', '75%', 'None of These', 'd', 'Level 1', 'TW'),
(49, 'Two taps are running continuously to fill a tank. The\r\n1st tap could have filled it in 5 hours by itself and\r\nthe second one by itself could have filled it in 20\r\nhours. But the operator failed to realise that there was\r\na leak in the tank from the beginning which caused a\r\ndelay of one hour in the filling of the tank. Find the\r\ntime in which the leak would empty a filled tank.', '', '', '15 hours', '20 hours', '25 hours', '40 hours', 'b', 'Level 1', 'TW'),
(50, 'A can do some work in 24 days, B can do it in 32\ndays and C can do it in 60 days. They start working\ntogether. A left after 6 days and B left after working\nfor 8 days. How many more days are required to\ncomplete the whole work?\n', '', '', '30', '25', '22', '20', 'c', 'Level 1', 'TW'),
(51, 'Two forest officials in their respective divisions were\ninvolved in the harvesting of tendu leaves. One divi-\nsion had an average output of 21 tons from a hectare\nand the other division, which had 12 hectares of land\nless, dedicated to tendu leaves, got 25 tons of tendu\nfrom a hectare. As a result, the second division har-\nvested 300 tons of tendu leaves more than the first.\nHow many tons of tendu leaves did the first division\nharvest?\n', '', '', '3150', '3450', '3500', '3600', 'a', 'Level 2', 'TW'),
(52, 'According to a plan, a drilling team had to drill to\na depth of 270 metres below the ground level. For\nthe first three days the team drilled as per the plan.\nHowever, subsequently finding that their resources\nwere getting underutilised according to the plan, it\nstarted to drill 8 metres more than the plan every day.\nTherefore, a day before the planned date they had\ndrilled to a depth of 280 metres. How many metres\nof drilling was the plan for each day.', '', '', '38 meters', '30 meters', '27 meters', '28 meters', 'b', 'Level 2', 'TW'),
(53, 'A pipe can fill a tank in x hours and another can\r\nempty it in y hours. If the tank is 1/3rd full then the\r\nnumber of hours in which they will together fill it\r\nin is', '', '', '(3xy)/2(y-x)', '(3xy)/(y-x)', '(xy)/3(y-x)', '(2xy)/3(y-x)', 'd', 'Level 2', 'TW'),
(54, 'Dev and Tukku can do a piece of work in 45 and 40\r\ndays respectively. They began the work together, but\r\nDev leaves after some days and Tukku finished the\r\nremaining work in 23 days. After how many days\r\ndid Dev leave', '', '', '7 days', '8 days', '9 days', '11 days', 'c', 'Level 2', 'TW'),
(55, 'A finishes 6/7th of the work in 2z hours, B works\r\ntwice as fast and finishes the remaining work. For\r\nhow long did B work?', '', '', '(2/3)z', '(6/7)z', '(6/49)z', '(3/18)z', 'd', 'Level 2', 'TW'),
(56, 'Ajit can do as much work in 2 days as Baljit can do\r\nin 3 days and Baljit can do as much in 4 days as\r\nDiljit in 5 days. A piece of work takes 20 days if all\r\nwork together. How long would Baljit take to do all\r\nthe work by himself?', '', '', '82 days', '44 days', '66 days', '50 days', 'c', 'Level 2', 'TW'),
(57, 'Two pipes can fill a cistern in 14 and 16 hours respec-\ntively. The pipes are opened simultaneously and it is\nfound that due to leakage in the bottom of the cistern,\nit takes 32 minutes extra for the cistern to be filled up. When the cistern is full, in what time will the\r\nleak empty it?', '', '', '114 h', '112 h', '100 h', '80 h', 'b', 'Level 2', 'TW'),
(58, 'A tank holds 100 gallons of water. Its inlet is 7 inches\r\nin diametre and fills the tank at 5 gallons/min. The\r\noutlet of the tank is twice the diametre of the inlet.\r\nHow many minutes will it take to empty the tank\r\nif the inlet is shut off, when the tank is full and the\r\noutlet is opened? (Hint: Rate of filling or emptying\r\nis directly proportional to the diametre)', '', '', '7.14 min', '10 min', '0.7 min', '0.5 min', 'b', 'Level 2', 'TW'),
(59, 'A tank of capacity 25 litres has an inlet and an out-\r\nlet tap. If both are opened simultaneously, the tank\r\nis filled in 5 minutes. But if the outlet flow rate is\r\ndoubled and taps opened the tank never gets filled\r\nup. Which of the following can be outlet flow rate\r\nin litres/min?', '', '', '2', '6', '4', '3', 'b', 'Level 2', 'TW'),
(60, 'X takes 4 days to complete one-third of a job, Y\r\ntakes 3 days to complete one-sixth of the same work\r\nand Z takes 5 days to complete half the job. If all\r\nof them work together for 3 days and X and Z quit,\r\nhow long will it take for Y to complete the remaining\r\nwork done.', '', '', '6 days', '8.1 days', '5.1 days', '7 days', 'c', 'Level 2', 'TW'),
(61, 'A completes 2/3 of a certain job in 6 days. B can\r\ncomplete 1/3 of the same job in 8 days and C can\r\ncomplete 3/4 of the work in 12 days. All of them\r\nwork together for 4 days and then A and C quit. How\r\nlong will it take for B to complete the remaining\r\nwork alone?', '', '', '3.8 days', '3.33 days', '2.22 days', '4.3 days', 'b', 'Level 2', 'TW'),
(62, 'Three diggers dug a ditch of 324 m deep in six days\r\nworking simultaneously. During one shift, the third\r\ndigger digs as many metres more than the second as\r\nthe second digs more than the first. The third diggers\r\nwork in 10 days is equal to the first diggers work\r\nin 14 days. How many metres does the first digger\r\ndig per shift?', '', '', '15 m', '18 m', '21 m', '27 m', 'a', 'Level 2', 'TW'),
(63, 'A, B and C working together completed a job in 10\r\ndays. However, C only worked for the first three days\r\nwhen 37/100 of the job was done. Also, the work\r\ndone by A in 5 days is equal to the work done by\r\nB in 4 days. How many days would be required by\r\nthe fastest worker to complete the entire work?', '', '', '20 days', '25 days', '30 days', '40 days', 'a', 'Level 2', 'TW'),
(64, 'A and B completed a work together in 5 days. Had\r\nA worked at twice the speed and B at half the speed,\r\nit would have taken them four days to complete the\r\njob. How much time would it take for A alone to do\r\nthe work?', '', '', '10 days', '20 days', '25 days', '15 days', 'a', 'Level 2', 'TW'),
(65, 'Two typists of varying skills can do a job in 6 min-\r\nutes if they work together. If the first typist typed\r\nalone for 4 minutes and then the second typist typed\r\nalone for 6 minutes, they would be left with 1/5 of\r\nthe whole work. How many minutes would it take\r\nthe slower typist to complete the typing job working\r\nalone?', '', '', '10 min', '15 min', '12 min', '20 min', 'b', 'Level 2', 'TW'),
(66, 'Three cooks have to make 80 idlis. They are known\r\nto make 20 pieces every minute working together.\r\nThe first cook began working alone and made 20\r\npieces having worked for sometime more than three\r\nminutes. The remaining part of the work was done\r\nby the second and the third cook working together.\r\nIt took a total of 8 minutes to complete the 80 idlis.\r\nHow many minutes would it take the first cook alone\r\nto cook 160 idlis for a marriage party the next day?', '', '', '16 min', '24 min', '32 min', '40 min', 'c', 'Level 2', 'TW'),
(67, 'It takes six days for three women and two men\r\nworking together to complete a work. Three men\r\nwould do the same work five days sooner than nine\r\nwomen. How many times does the output of a man\r\nexceed that of a woman?', '', '', '3 times', '4 times', '5 times', '6 times', 'd', 'Level 2', 'TW'),
(68, 'Each of A, B and C need a certain unique time to\r\ndo a certain work. C needs 1 hour less than A to\r\ncomplete the work. Working together, they require\r\n30 minutes to complete 50% of the job. The work\r\nalso gets completed if A and B start working together\r\nand A leaves after 1 hour and B works for a further\r\n3 hours. How much work does C do per hour?', '', '', '16.66%', '33.33%', '50%', '66.66%', 'c', 'Level 2', 'TW'),
(69, 'Two women Renu and Ushi are working on an em-\r\nbroidery design. If Ushi worked alone, she would\r\nneed eight hours more to complete the design than\r\nif they both worked together. Now if Renu worked\r\nalone, it would need 4.5 hours more to complete the\r\ndesign than they both working together. What time\r\nwould it take Renu alone to complete the design?', '', '', '10.5 hours', '12.5 hours', '14.5 hours', '18.5 hours', 'a', 'Level 2', 'TW'),
(70, 'A tank of 3600 cu m capacity is being filled with\r\nwater. The delivery of the pump discharging the tank\r\nis 20% more than the delivery of the pump filling the\r\nsame tank. As a result, twelve minutes more time is\r\nneeded to fill the tank than to discharge it. Determine\r\nthe delivery of the pump discharging the tank.', '', '', '40 m^3/min', '50 m^3/min', '60 m^3/min', '80m^3/min', 'c', 'Level 2', 'TW'),
(71, 'Two pipes A and B can fill up a half full tank in 1.2\r\nhours. The tank was initially empty. Pipe B was kept\r\nopen for half the time required by pipe A to fill the\r\ntank by itself. Then, pipe A was kept open for as\r\nmuch time as was required by pipe B to fill up 1/3 of\r\nthe tank by itself. It was then found that the tank was\r\n5/6 full. The least time in which any of the pipes\r\ncan fill the tank fully is', '', '', '4.8 hours', '4 hours', '3.6 hours', '6 hours', 'b', 'Level 2', 'TW'),
(72, 'A tank of 425 litres capacity has been filled with\r\nwater through two pipes, the first pipe having been\r\nopened five hours longer than the second. If the first\r\npipe were open as long as the second, and the second\r\npipe was open as long as the first pipe was open,\r\nthen the first pipe would deliver half the amount of\r\nwater delivered by the second pipe; if the two pipes\r\nwere open simultaneously, the tank would be filled\r\nup in 17 hours. How long was the second pipe open?', '', '', '10 hours', '12 hours', '15 hours', '18 hours', 'c', 'Level 2', 'TW'),
(73, 'Two men and a woman are entrusted with a task.\nThe second man needs three hours more to cope\nwith the job than the first man and the woman would\nneed working together. The first man, working alone,\nwould need as much time as the second man and\nthe woman working together. The first man, work-\ning alone, would spend eight hours less than the\ndouble period of time the second man would spend\nworking alone. How much time would the two men and the woman need to complete the task if they all\r\nworked together?', '', '', '2 hours', '3 hours', '4 hours', '5 hours', 'a', 'Level 2', 'TW'),
(74, 'The Bubna dam has four inlets. Through the first\r\nthree inlets, the dam can be filled in 12 minutes;\r\nthrough the second, the third and the fourth inlet,\r\nit can be filled in 15 minutes; and through the first\r\nand the fourth inlet, in 20 minutes. How much time\r\nwill it take all the four inets to fill up the dam?', '', '', '8 min', '10 min', '12 min', 'none of these', 'b', 'Level 2', 'TW'),
(75, 'The Sinhagad Express left Pune at noon sharp. Two\nhours later, the Deccan Queen started from Pune in\nthe same direction. The Deccan Queen overtook the\nSinhagad Express at 8 p.m. Find the average speed\nof the two trains over this journey if the sum of their\naverage speeds is 70 km/h.\n', '', '', '34.28 km/h', '35 km/h', '50 km/h', '12 km/h', 'a', 'Level 1', 'TSD'),
(76, 'Walking at 3/4 of his normal speed, Abhishek is 16\nminutes late in reaching his office. The usual time\ntaken by him to cover the distance between his home\nand his office is\n', '', '', '48 min', '60 min', '42 min', '62 min', 'a', 'Level 1', 'TSD'),
(77, 'Ram and Bharat travel the same distance at the rate\nof 6 km per hour and 10 km per hour respectively.\nIf Ram takes 30 minutes longer than Bharat, the\ndistance travelled by each is', '', '', '6 km', '10 km ', '7.5 km', '20 km', 'c', 'Level 1', 'TSD'),
(78, 'Two trains for Mumbai leave Delhi at 6 : 00 a.m. and\n6 : 45 a.m. and travel at 100 kmph and 136 kmph\nrespectively. How many kilometres from Delhi will\nthe two trains be together?\n', '', '', '262.4 km', '260 km', '283.33 km', '275 km', 'c', 'Level 1', 'TSD'),
(79, 'Two trains, Calcutta Mail and Bombay Mail, start\nat the same time from stations Kolkata and Mumbai\nrespectively towards each other. After passing each\nother, they take 12 hours and 3 hours to reach Mum-\nbai and Kolkata respectively. If the Calcutta Mail is\nmoving at the speed of 48 km/h, the speed of the\nBombay Mail is\n', '', '', '24 km/h', '22 km/h', '21 km/h', '96 km/h', 'd', 'Level 1', 'TSD'),
(80, 'Shyams house, his office and his gym are all equi-\ndistant from each other. The distance between any 2\nof them is 4 km. Shyam starts walking from his gym\nin a direction parallel to the road connecting his of-\nfice and his house and stops when he reaches a point\ndirectly east of his office. He then reverses direction\nand walks till he reaches a point directly south of his\noffice. The total distance walked by Shyam is\n', '', '', '6 km', '9 km ', '16 km', '12 km', 'd', 'Level 1', 'TSD'),
(81, 'Lonavala and Khandala are two stations 600 km\napart. A train starts from Lonavala and moves to-wards Khandala at the rate of 25 km/h. After two\nhours, another train starts from Khandala at the rate\nof 35 km/h. How far from Lonavala will they will\ncross each other?\n', '', '', '250 km', '300 km', '279.166 km', '475 km', 'c', 'Level 1', 'TSD'),
(82, 'Walking at 3/4 of his normal speed, a man takes\n2(1/2) hours more than the normal time. Find the\nnormal time.\n', '', '', '7.5 h', '6 h', '8 h', '12 h', 'a', 'Level 1', 'TSD'),
(83, 'Alok walks to a viewpoint and returns to the start-\ning point by his car and thus takes a total time of 6\nhours 45 minutes. He would have gained 2 hours by\ndriving both ways. How long would it have taken\nfor him to walk both ways?\n', '', '', '8 h 45 min', '7 h 45 min', '5 h 30 min', '6 h 45 min', 'a', 'Level 1', 'TSD'),
(84, 'Sambhu beats Kalu by 30 metres or 10 seconds. How\nmuch time was taken by Sambhu to complete a race\n1200 meters.\n', '', '', '6 min 30 s', '3 min 15 sec', '12 min 10 sec', '2 min 5 sec', 'a', 'Level 1', 'TSD'),
(85, 'What is the time taken by Chandu to cover a dis-\ntance of 360 km by a motorcycle moving at a speed\nof 10m/s?\n', '', '', '10 h', '5 h', '8 h ', '6 h ', 'a', 'Level 1', 'TSD'),
(86, 'Without stoppage, a train travels a certain distance\nwith an average speed of 60 km/h, and with stoppage,\nit covers the same distance with an average speed\nof 40 km/h. On an average, how many minutes per\nhour does the train stop during the journey?\n', '', '', '20 min/h', '15 min/h', '10 min/h', '10 min/h', 'a', 'Level 1', 'TSD'),
(87, 'Rajdhani Express travels 650 km in 5 h and another\n940 km in 10 h. What is the average speed of train?\n', '', '', '1590 km/h', '168 km/h', '106 km/h', '126 km/h', 'c', 'Level 1', 'TSD'),
(88, 'Rishikant, during his journey, travels for 20 minutes\nat a speed of 30 km/h, another 30 minutes at a speed\nof 50 km/h, and 1 hour at a speed of 50 km/h and\n1 hour at a speed of 60 km/h. What is the average\nvelocity?\n', '', '', '51.18 km/h', '63 km/h', '39 km/h ', '48 km/h', 'a', 'Level 1', 'TSD'),
(89, 'A car travels from A to B at V1 km/h, travels back from B to A at V2 km/h and again goes back from\nA to B at V2 km/h. The average speed of the car is:', '', '', '(2V1V2)/(V1 +2V2)', '(2V1V2)/(V2+2V1)', '(3V1V2)/(V2+2V1)', '(3V1V2)/(V1+2V2)', 'c', 'Level 1', 'TSD'),
(90, 'Narayan Murthy walking at a speed of 20 km/h\nreaches his college 10 minutes late. Next time he\nincreases his speed by 5 km/h, but finds that he is\nstill late by 4 minutes. What is the distance of his\ncollege from his house?\n', '', '', '20 km', '6 km', '12 km ', 'none of these', 'd', 'Level 1', 'TSD'),
(91, 'Jayshree goes to office at a speed of 6 km/h and\nreturns to her home at a speed of 4 km/h. If she\ntakes 10 hours in all, what is the distance between\nher office and her home?\n', '', '', '24 km', '12 km', '10 km', '30 km', 'a', 'Level 1', 'TSD'),
(92, 'A motor car does a journey in 17.5 hours, covering\nthe first half at 30 km/h and the second half at 40\nkm/h. Find the distance of the journey.\n', '', '', '684 km', '600 km', '120 km', '540 km', 'b', 'Level 1', 'TSD'),
(93, 'Sujit covers a distance in 40 minutes if he drives\r\nat a speed of 60 kilometer per hour on an average.\r\nFind the speed at which he must drive at to reduce\r\nthe time of the journey by 25%?\r\n(a) 60 km/h (b) 70 km/h\r\n(c) 75 km/h (d) 80 km/h', '', '', '60 km/h', '70 km/h', '75 km/h', '80 km/h', 'd', 'Level 1', 'TSD'),
(94, 'Manish travels a certain distance by car at the rate of\n12 km/h and walks back at the rate of 3 km/h. The\nwhole journey took 5 hours. What is the distance he\ncovered on the car?\n', '', '', '12 km', '30 km', '15 km', '6 km', 'a', 'Level 1', 'TSD'),
(95, 'A railway passenger counts the telegraph poles on the\nrail road as he passes them. The telegraph poles are\nat a distance of 50 metres. What will be his count in\n4 hours, if the speed of the train is 45 km per hour?\n', '', '', '600', '2500', '3600', '5000', 'c', 'Level 1', 'TSD'),
(96, 'Two trains A and B start simultaneously in the op-\nposite direction from two points A and B and arrive\nat their destinations 9 and 4 hours respectively after\ntheir meeting each other. At what rate does the sec-\nond train B travel if the first train travels at 80 km\nper hour.\n', '', '', '60 km/h', '100 km/h', '120 km/h', '80 km/h', 'c', 'Level 1', 'TSD'),
(97, 'Vinay fires two bullets from the same place at an\ninterval of 12 minutes but Raju sitting in a train\napproaching the place hears the second report 11\nminutes 30 seconds after the first. What is the\napproximate speed of train (if sound travels at the\nspeed of 330 metre per second)?\n', '', '', '660/23 m/s', '220/7 m/s', '330/23 m/s', '110/23 m/s', 'c', 'Level 1', 'TSD'),
(98, 'A car driver, driving in a fog, passes a pedestrian\r\nwho was walking at the rate of 2 km/h in the same\r\ndirection. The pedestrian could see the car for 6\r\nminutes and it was visible to him up to a distance\r\nof 0.6 km. What was the speed of the car?\r\n(a) 30 km/h (b) 15 km/h\r\n(c) 20 km/h (d) 8 km/h', '', '', '30 km/h', '15 km/h', '20 km/h', '8 km/h', 'd', 'Level 1', 'TSD'),
(99, 'Harsh and Vijay move towards Hosur starting from\nIIM, Bangalore, at a speed of 40 km/h and 60 km/h\nrespectively. If Vijay reaches Hosur 200 minutes\nearlier then Harsh, what is the distance between IIM,\nBangalore, and Hosur?\n', '', '', '600 km', '400 km', '900 km', '200 km', 'b', 'Level 1', 'TSD'),
(100, 'A journey of 192 km takes 2 hours less by a fast\ntrain than by a slow train. If the average speed of\nthe slow train be 16 kmph less than that of fast train,\nwhat is the average speed of the faster train?\n', '', '', '32 kmph', '16 kmph', '12 kmph', '48 kmph', 'd', 'Level 1', 'TSD'),
(101, 'A passenger train takes 2 h less for a journey of 300\nkilometres if its speed is increased by 5 kmph over\nits usual speed. Find the usual speed.\n', '', '', '10 kmph', '12 kmph', '20 kmph', '25 kmph', 'd', 'Level 1', 'TSD'),
(102, 'If Arun had walked 1 km/h faster, he would have\ntaken 10 minutes less to walk 2 kilometre. What is\nAruns speed of walking?\n', '', '', '1 kmph', '2 kmph', '3 kmph', '6 kmph', 'c', 'Level 1', 'TSD'),
(103, 'A plane left half an hour later than the scheduled time\nand in order to reach its destination 1500 kilometre\naway in time, it had to increase its speed by 33.33 per\ncent over its usual speed. Find its increased speed.\n', '', '', '250 kmph', '500 kmph', '750 kmph', '1000 kmph', 'd', 'Level 1', 'TSD'),
(104, 'A train moves at a constant speed of 120 km/h for\none kilometre and at 40 kmph for the next one ki-\nlometre. What is the average speed of the train?\n', '', '', '48 kmph', '50 kmph', '80 kmph', '60 kmph', 'd', 'Level 1', 'TSD'),
(105, 'A cyclist moving on a circular track of radius 100\r\nmetres completes one revolution in 2 minutes. What\r\nis the average speed of cyclist (approximately)?', '', '', '314 m/min', '200 m/min', '300 m/min', '900 m/min', 'a', 'Level 1', 'TSD'),
(106, 'A person travelled a distance of 200 kilometre\nbetween two cities by a car covering the first quarter\nof the journey at a constant speed of 40 km/h and\nthe remaining three quarters at a constant speed of\nx km/h. If the average speed of the person for the\nentire journey was 53.33 km/h what is the value of x?\n', '', '', '55 km/h', '60 km/h', '70 km/h', '80 km/h', 'b', 'Level 1', 'TSD'),
(107, 'A car travels 1/3 of the distance on a straight road\nwith a velocity of 10 km/h, the next 1/3 with a\nvelocity of 20 km/h and the last 1/3 with a velocity\nof 60 km/h. What is the average velocity of the car\nfor the whole journey?\n', '', '', '18 km/h', '10 km/h', '20 km/h', '15 km/h', 'a', 'Level 1', 'TSD'),
(108, 'Two cars started simultaneously toward each other\nfrom town A and B, that are 480 km apart. It took\nthe first car travelling from A to B 8 hours to cover\nthe distance and the second car travelling from B to\nA 12 hours. Determine at what distance from A the\ntwo cars meet.\n', '', '', '288 km', '200 km', '300 km', '196 km', 'a', 'Level 1', 'TSD'),
(109, 'Walking at 3/4 of his usual speed, a man is 16 min-\nutes late for his office. The usual time taken by him\nto cover that distance is\n', '', '', '48 min', '60 min', '42 min', '62 min', 'a', 'Level 1', 'TSD'),
(110, 'A and B travel the same distance at the rate of 8\nkilometre and 10 kilometre an hour respectively. If A\ntakes 30 minutes longer than B, the distance travelled\nby B is\n', '', '', '6 km', '10 km', '16 km', '20 km', 'd', 'Level 1', 'TSD'),
(111, 'Two trains for Patna leave Delhi at 6 a.m. and 6:45\na.m. and travel at 98 kmph and 136 kmph respec-\ntively. How many kilometres from Delhi will the two\ntrains meet?\n', '', '', '262.4 km', '260 km', '200 km ', 'none of these', 'd', 'Level 1', 'TSD'),
(112, 'Two trains A and B start from station X to Y, Y to X\nrespectively. After passing each other, they take 12\nhours and 3 hours to reach Y and X respectively. If\ntrain A is moving at the speed of 48 km/h, the speed\nof train B is\n', '', '', '24 kmh', '96 km/h', '21 km/h', '20 km/h', 'b', 'Level 1', 'TSD'),
(113, 'X and Y are two stations 600 km apart. A train starts\nfrom X and moves towards Y at the rate of 25 km/h.Another train starts from Y at the rate of 35 km/h.\nHow far from X they will cross each other?\n', '', '', '250 km', '300 km', '450 km', '475 km', 'a', 'Level 1', 'TSD'),
(114, 'A starts from a point that is on the circumference of\na circle, moves 600 metre in the North direction and\nthen again moves 800 metre East and reaches a point\ndiametrically opposite the starting point. Find the\ndiameter of the circle?\n', '', '', '1000 m', '500 m', '800 m', '900 m', 'a', 'Level 1', 'TSD'),
(115, 'Ram and Shyam run a race of 2000 m. First, Ram\ngives Shyam a start of 200 m and beats him by 30 s.\nNext, Ram gives Shyam a start of 3 min and is\nbeaten by 1000 metres. Find the time in minutes in\nwhich Ram and Shyam can run the race separately.\n', '', '', '8,10', '4,5', '5,9', '6,9', 'b', 'Level 1', 'TSD'),
(116, 'A motorboat went downstream for 28 km and im-\nmediately returned. It took the boat twice as long to\nmake the return trip. If the speed of the river flow\nwere twice as high, the trip downstream and back\nwould take 672 minutes. Find the speed of the boat\nin still water and the speed of the river flow.\n', '', '', '9 km/h,3 km/h', '9 km/h,6 km/h', '8 km/h,2 km/h', '12 km/h,3 km/h', 'a', 'Level 1', 'TSD'),
(117, 'A train requires 7 seconds to pass a pole while it\nrequires 25 seconds to cross a stationary train which\nis 378 metres long. Find the speed of the train.\n', '', '', '75.6 km/h', '75.4 km/h', '76.2 km/h', '21 km/h', 'a', 'Level 1', 'TSD'),
(118, 'A boat sails downstream from point A to point B,\nwhich is 10 km away from A, and then returns to\nA. If the actual speed of the boat (in still water) is\n3 km/h, the trip from A to B takes 8 hours less\nthan that from B to A. What must the actual speed\nof the boat for the trip from A to B to take exactly\n100 minutes?\n', '', '', '1 km/h', '2 km/h', '3 km/h', '4 km/h', 'd', 'Level 1', 'TSD'),
(119, 'A boat sails down the river for 10 km and then up\nthe river for 6 km. The speed of the river flow is\n1 km/h. What should be the minimum speed of the\nboat for the trip to take a maximum of 4 hours?\n', '', '', '2 kmph', '3 kmph', '4 kmph', '5 kmph', 'c', 'Level 1', 'TSD'),
(120, 'A man rows 6 km/h in still water. If the river is\nrunning at 3 km per hour, it takes him 45 minutes\nto row to a place and back. How far is the place?\n', '', '', '1.12 km', '1.25 km', '1.6875 km', '2.5 km', 'c', 'Level 1', 'TSD'),
(121, 'A boat goes 40 km upstream in 8 h and a distance\nof 49 km downstream in 7 h. The speed of the boat\nin still water is\n', '', '', '5 km/h', '5.5 km/h', '6 km/h', '6.5 km/h', 'c', 'Level 1', 'TSD'),
(122, 'Two trains are running on parallel lines in the same\ndirection at speeds of 40 kmph and 20 kmph respec-\ntively. The faster train crosses a man in the second\ntrain in 36 seconds. The length of the faster train is\n', '', '', '200 m', '185 m', '225 m', '210 m', 'a', 'Level 1', 'TSD'),
(123, 'The speed of the boat in still water is 12 km/h and\nthe speed of the stream is 2 km/h. A distance of 8\nkm, going upstream, is covered in\n', '', '', '1 h', '1 h 15 min', '1 h 12 min ', 'none of these', 'd', 'Level 1', 'TSD'),
(124, 'A boat goes 15 km upstream in 80 minutes. The\nspeed of the stream is 5 km/h. The speed of the boat\nin still water is\n', '', '', '16.25 km/h', '16 km/h', '15 km/h', '17 km/h', 'a', 'Level 1', 'TSD'),
(125, 'In a stream, B lies in between A and C such that it is\nequidistant from both A and C. A boat can go from\nA to B and back in 6 h 30 minutes while it goes from\nA to C in 9 h. How long would it take to go from\nC to A?\n', '', '', '3.75 h', '4 h', '4.25 h', '4.5 h', 'b', 'Level 2', 'TSD'),
(126, 'Two trains pass each other on parallel lines. Each\ntrain is 100 metres long. When they are going in\nthe same direction, the faster one takes 60 seconds\nto pass the other completely. If they are going in\nopposite directions they pass each other completely\nin 10 seconds. Find the speed of the slower train in\nkm/h.\n', '', '', '30 km/h', '42 km/h', '48 km/h', '60 km/h', 'a', 'Level 2', 'TSD'),
(127, 'Vinay runs 100 metres in 20 seconds and Ajay runs\nthe same distance in 25 seconds. By what distance\nwill Vinay beat Ajay in a hundred metre race?\n', '', '', '10 m', '20 m', '25 m', '12 m', 'b', 'Level 2', 'TSD'),
(128, 'In a 100 m race, Shyam runs at 1.66 m/s. If Shyam\ngives Sujit a start of 4 m and still beats him by 12\nseconds, what is Sujits speed?\n', '', '', '1.11 m/s', '0.75 m/s', '1.33 m/s', '1 km/h', 'c', 'Level 2', 'TSD'),
(129, 'At a game of billiards, A can give B 15 points in 60\nand A can give C 20 in 60. How many points can B\ngive C in a game of 90?\n', '', '', '11', '13', '10', '14', 'c', 'Level 2', 'TSD'),
(130, 'In a 500 m race, the ratio of speed of two runners\nVinay and Shyam is 3 : 4. If Vinay has a start of\n140 m then Vinay wins by\n', '', '', '15 m', '20 m', '25 m', '30 m', 'b', 'Level 2', 'TSD'),
(131, 'How many seconds will a caravan 120 metres long\nrunning at the rate 10 m/s take to pass a standing\nboy.\n', '', '', '10 s', '12 s', '11 s', '14 s', 'b', 'Level 2', 'TSD'),
(132, 'Two trains are travelling in the same direction at\n50 km/h and 30 km/h respectively. The faster train\ncrosses a man in the slower train in 18 seconds. Find\nthe length of the faster train.\n', '', '', '0.1 km', '1 km', '1.5 km', '1.4 km', 'a', 'Level 2', 'TSD'),
(133, 'Two trains for Howrah leave Muzaffarpur at 8:30 a.m.\nand 9:00 a.m. respectively and travel at 60 km/h and\n70 km/h respectively. How many kilometres from\nMuzaffarpur will the two trains meet?\n', '', '', '210 km', '180 km', '150 km', '120 km', 'a', 'Level 2', 'TSD'),
(134, 'Without stoppage, a train travels at an average speed\nof 75 km/h and with stoppages it covers the same\ndistance at an average speed of 60 km/h. How many\nminutes per hour does the train stop?\n', '', '', '10 min', '12 min', '14 min', '18 min', 'b', 'Level 2', 'TSD'),
(135, 'A boat rows 16 km up the stream and 30 km down-\nstream taking 5 h each time. The velocity of the\ncurrent\n', '', '', '1.1 km/h', '1.2 km/h', '1.4 km/h', '1.5 km/h', 'c', 'Level 2', 'TSD'),
(136, 'Vijay can row a certain distance downstream in 6 h\nand return the same distance in 9 h. If the stream\nflows at the rate of 3 km/h, find the speed of Vijay\nin still water.\n', '', '', '12 km/h', '13 km/h', '14 km/h', '15 km/h', 'd', 'Level 2', 'TSD'),
(137, 'Subbu can row 6 km/h in still water. When the river\nis running at 1.2 km/h, it takes him 1 hour to row\nto a place and back. How far in the place?\n', '', '', '2.88 km', '2 km', '3.12 km', '2.76 km', 'a', 'Level 2', 'TSD'),
(138, 'A dog is passed by a train in 8 seconds. Find the\nlength of the train if its speed is 36 kmph.\n', '', '', '70 m', '80 m', '85 m', '90 m', 'b', 'Level 2', 'TSD'),
(139, 'A lazy man can row upstream at 16 km/h and down-\r\nstream at 22 km/h. Find the mans rate in still water\r\n(in kmph).', '', '', '19', '14', '17', '18', 'a', 'Level 2', 'TSD'),
(140, 'A man can row 30 km upstream and 44 km down-\nstream in 10 hours. It is also known that he can row\n40 km upstream and 55 km downstream in 13 hours.\nFind the speed of the man in still water.\n', '', '', '4 km/h', '6 km/h', '8 km/h', '12 km/h', 'c', 'Level 2', 'TSD'),
(141, 'In a stream that is running at 2 km/h, a man goes 10\nkm upstream and comes back to the starting point in\n55 minutes. Find the speed of the man in still water.\n', '', '', '20 km/h', '22 km/h', '24 km/h', '28 km/h', 'b', 'Level 2', 'TSD'),
(142, 'A man goes down stream at x km/h and upstream at\ny km/h. The speed of the boat in still water is\n', '', '', '0.5(x+y)', '0.5(x-y)', 'x+y', 'x-y', 'a', 'Level 2', 'TSD'),
(143, 'The length of the minutes hand of a clock is 8\ncm. Find the distance travelled by its outer end in\n15 minutes.\n', '', '', '4 pi cm', '8 pi cm', '12 pi cm', '16 pi cm', 'a', 'Level 2', 'TSD'),
(144, 'Between 5 a.m. and 5 p.m. of a particular day for\nhow many times are the minute and the hour hands\ntogether?\n', '', '', '11', '22', '33', '44', 'a', 'Level 2', 'TSD'),
(145, 'At what time are the hands of clock together between\n2 and 3 p.m.?\n', '', '', '2/11 hours past 2 pm', '2/9 hours past 2 pm', '2:10 p.m', 'none of these', 'a', 'Level 2', 'TSD'),
(146, 'A motorboat went down the river for 14 km and then\nup the river for 9 km. It took a total of 5 hours for\nthe entire journey. Find the speed of the river flow\nif the speed of the boat in still water is 5 km/h.\n', '', '', '1 kmph', '1.5 kmph', '2 kmph', '3 kmph', 'c', 'Level 2', 'TSD'),
(147, 'A motorboat whose speed in still water is 10 km/h\nwent 91 km downstream and then returned to its\nstarting point. Calculate the speed of the river flow\nif the round trip took a total of 20 hours.\n', '', '', '3 km/h', '4 km/h', '6 km/h', '8 km/h', 'a', 'Level 2', 'TSD'),
(148, 'In a race of 600 meters, Ajay beats Vijay by 60 me-\ntres and in a race of 500 meters Vijay beats Anjay\nby 25 meters. By how many meters will Ajay beat\nAnjay in a 400 meter race?\n', '', '', '48 m', '52 m', '56 m', '58 m', 'd', 'Level 2', 'TSD'),
(149, 'A motorboat whose speed in still water is 15 kmph\ngoes 30 km downstream and comes back in a total\n4 hours 30 min. Determine the speed of the stream.\n', '', '', '2 kmph', '3 kmph', '4 kmph', '5 kmph', 'd', 'Level 2', 'TSD'),
(150, 'If we express 12(4/15)% as a fraction, then it is equal to', '', '', '46/375', '46/125', '23/250', 'None of these.', 'a', 'Level 1', 'PPL'),
(151, 'What is 10% of 20% of 25% of 100?', '', '', '0.5', '0.75', '0.25', '1', 'a', 'Level 1', 'PPL'),
(152, 'Which of the following is the largest number?', '', '', '40% of 400', '5% of 800', '1000% of 4 ', ' 200% of 9', 'a', 'Level 1', 'PPL'),
(153, 'If 30% of a number is 300, then 50% of that number is', '', '', '400', '125', '150', '500', 'd', 'Level 1', 'PPL'),
(154, 'If 25% of x = 30% of y, then find the value of x if y = 5000.', '', '', '2000', '3000', '4000', '6000', 'd', 'Level 1', 'PPL'),
(155, '30% of a% of b is 25% of b% of c. Which of the following is c?', '', '', '1.5a   ', '0.667a', '0.5a', '1.20a', 'd', 'Level 1', 'PPL'),
(156, '20% of a number when subtracted from 108, gives the number itself. Find the number.', '', '', '50', '80', '70', '90', 'd', 'Level 1', 'PPL'),
(157, 'When 40% of a number A is added to another number B, B becomes 125% of its previous value. Then which of the following is true regarding the values of A and B?', '', '', 'A>B', 'B>A', 'B=A', 'Either (a) or (b) can be true depending upon the values of A and B', 'd', 'Level 1', 'PPL'),
(160, 'Mr. Ram is worried about the balance of his monthly budget. The price of petrol has increased by 50%. By what percent should he reduce the consumption of petrol so that he is able to balance his budget?', '', '', '33.33', '28.56', '25', '14.28', 'a', 'Level 1', 'PPL'),
(161, 'Mr. Ram is worried about the balance of his monthly budget. The price of petrol has increased by 50%. By what percent should he reduce the consumption of petrol so that he is able to balance his budget. if Mr. Ram wanted to limit the increase in his expenditure to 20% on his basic expenditure on petrol then what should be the corresponding decrease in consumption?', '', '', '33.33', '12.5', '25', '20', 'd', 'Level 1', 'PPL'),
(162, 'Ashok sells his goods 50% dearer than Shankar and 20% dearer than Bishnu. How much percentage is Bishnus goods dearer than Shankars?', '', '', '33.33%', '25%', '66.66%', '40%', 'b', 'Level 1', 'PPL'),
(163, 'In an election between 2 candidates, Chaman gets 80% of the total valid votes. If the total votes were 12000, what is the number of valid votes that the other candidate Dhande gets if 15% of the total votes were declared invalid?', '', '', '1645', '1545', '1675', '2040', 'd', 'Level 1', 'PPL'),
(164, 'In a physical measurement, by mistake Shyam gave his height as 25% more than normal. In the interview panel, he clarified that his height was 5 feet 5 inches. Find the percentage correction made by the candidate from his stated height to his actual height.', '', '', '20', '28.56', '25', '16.66', 'a', 'Level 1', 'PPL'),
(165, 'Raunak generally wears his fathers coat. Unfortunately, his cousin Vikas told him one day that he was wearing a coat of length more than his height by 15%. If the length of Raunaks fathers coat is 345 cm then find the actual length (in cm) of his coat.', '', '', '110', '345', '300', '105', 'c', 'Level 1', 'PPL'),
(166, 'A number is mistakenly divided by 2 instead of being multiplied by 2. Find the percentage change in the result due to this mistake.', '', '', '100%', '125%', '200%', '75%', 'd', 'Level 1', 'PPL'),
(167, 'Sachin wanted to subtract 10 from a number. Unfortunately, he added 10 instead of subtracting. Find the percentage change in the result', '', '', '300%', '66.66%', '50%', 'Cannot be determined', 'd', 'Level 1', 'PPL'),
(168, 'In a mixture of 100 litres of milk and water, 25% of the mixture is milk. How much water should be added to the mixture so that milk becomes 20% of the mixture?', '', '', '25 litres ', '15 litres', '20 litres', '24 litres', 'a', 'Level 1', 'PPL'),
(169, 'A landowner increased the length and the breadth of a rectangular plot by 20% and 30% respectively. Find the percentage change in the cost of the plot assuming land prices are uniform throughout his plot.', '', '', '23%', '52%', '56%', 'None of these', 'c', 'Level 1', 'PPL'),
(170, 'The height of a triangle is increased by 30%. What can be the maximum percentage increase in length of the base so that the increase in area is restricted to a maximum of 90%?', '', '', '33.33%', '20.67%', '46.15%', '25.34%', 'c', 'Level 1', 'PPL'),
(171, 'Due to a 25% hike in the price of rice per kilogram,\na person is able to purchase 5 kg less for `200. Find\nthe increased price of rice per kilogram.', '', '', '$5', '$6', '$10', '$4', 'c', 'Level 2', 'PPL'),
(172, 'A fraction is such that if the double of the numera-\r\ntor and the triple of the denominator is changed by\r\n+10% and 30% respectively then we get 33% of\r\n16/21. Find the fraction.', '', '', '4/25', '8/11', '3/25', 'None Of These', 'b', 'Level 2', 'PPL'),
(173, 'After receiving two successive hikes, Karuns salary\nbecame equal to 15/8 times of his initial salary. By\nhow much percent was the salary raised the first time\nif the second raise was twice as high (in percent) as\nthe first?', '', '', '15%', '20%', '25%', '30%', 'c', 'Level 2', 'PPL'),
(174, 'After three successive equal percentage rise in the\nsalary the sum of 1000 rupees turned into 1331 ru-\npees. Find the percentage rise in the salary.\n', '', '', '10%', '22%', '66%', '82%', 'a', 'Level 2', 'PPL'),
(175, 'Sudhir, a very clever businessman, started off a\nbusiness with very little capital. In the first year,\nhe earned a profit of 50% and donated 50% of the\ntotal capital (initial capital + profit) to a charitable\norganisation. The same course was followed in the\n2nd and 3rd years also. If at the end of three years,\nhe is left with $33,750, then find the amount donated\nby him at the end of the 2nd year.\n', '', '', '$90,000', '$25,000', '$45,000', '$40,000', 'c', 'Level 2', 'PPL');
INSERT INTO `questiondata` (`QNo`, `Statement`, `Common Info`, `Image`, `option1`, `option2`, `option3`, `option4`, `Answer`, `Difficulty`, `Topic`) VALUES
(176, 'In an examination, 48% students failed in Physics\nand 32% students in Chemistry, 20% students failed\nin both the subjects. If the number of students who\npassed the examination was 880 (by passing both\nthe subjects), how many students appeared in the\nexamination if the examination consisted only of\nthese two subjects?\n', '', '', '2000', '2200', '2500', '1800', 'b', 'Level 2', 'PPL'),
(177, 'A machine depreciates in value each year at the\nrate of 10% of its previous value. However, every\nsecond year there is some maintenance work so that\nin that particular year, depreciation is only 5% of its\nprevious value. If at the end of the fourth year, the\nvalue of the machine stands at $1,46,205, then find\nthe value of machine at the start of the first year.\n', '', '', '$190,000', '$200,000', '$195,000', '$210,000', 'b', 'Level 2', 'PPL'),
(178, 'Kakus project report consists of 25 pages each of\n60 lines with 75 characters on each line. In case the\nnumber of lines is reduced to 55 but the number of\ncharacters is increased to 90 per lines, what is the\npercentage change in the number of pages. (Assume\nthe number of pages to be a whole number.)\n', '', '', '10%', '5%', '-8%', '-10%', 'c', 'Level 2', 'PPL'),
(179, 'The price of soap is collectively decided by five\nfactors: raw materials, research, labour, advertise-\nments and transportation. Assume that the functional\nrelationship is\nPrice of soap = (k * Raw material costs * Research\ncosts *Labour costs  Advertising cost *Transporta-\ntion cost).\nIf there are respective changes of 20%, 20%, 20%,\n25% and 10% in the five factors, then find the per-\ncentage change in the price of soap.\n', '', '', '58.40%', '54.40%', '48.50%', '56%', 'a', 'Level 2', 'PPL'),
(180, 'Praveen goes to a shop to buy a sofa set costing\n$13,080. The rate of sales tax is 10%. She tells the\nshopkeeper to reduce the price of the sofa set to such\nan extent that she has to pay `13080 inclusive of\nsales tax. Find the percentage reduction needed in the\nprice of the sofa set to just satisfy her requirement.\n', '', '', '8.33%', '9.09%', '9%', '8.50%', 'b', 'Level 2', 'PPL'),
(181, 'The price of a certain product was raised by 20%\nin India. The consumption of the same article was\nincreased from 400 tons to 440 tons. By how much\npercent will the expenditure on the article rise in the\nIndian economy?\n', '', '', '32%', '25%', '27%', '26%', 'a', 'Level 2', 'PPL'),
(182, 'In the university examination last year, Samanyu\nscored 65% in English and 82% in History. What is\nthe minimum percent he should score in Sociology,\nwhich is out of 50 marks (if English and History\nwere for 100 marks each), if he aims at getting 78%\noverall?\n', '', '', '94%', '92%', '98%', '96%', 'd', 'Level 2', 'PPL'),
(183, 'King Dashratha, at his eleventh hour, called his three\nqueens and distributed his gold in the following way:\nHe gave 50% of his wealth to his first wife, 50% of\nthe rest to his second wife and again 50% of the rest\nto his third wife. If their combined share is worth\n1,30,900 kilograms of gold, find the quantity of gold\nKing Dashratha was having initially?\n', '', '', '150000 kg', '149600 kg', '151600 kg', '152600 kg', 'b', 'Level 2', 'PPL'),
(184, 'The population of Swansea increases with a uniform\nrate of 8% per annum, but due to immigration, there\nis a further increase of population by 1% (however,\nthis 1% increase in population is to be calculated on\nthe population after the 8% increase and not on the\nprevious years population). Find what will be the\npercentage increase in population after 2 years.\n', '', '', '18.984', '18.081', '18.24', '17.91', 'a', 'Level 2', 'PPL'),
(185, '10% of Mexicos population migrated to South Asia,\n10% of the remaining migrated to America and 10%\nof the rest migrated to Australia. If the female popu-\nlation, which was left in Mexico, remained only\n3,64,500, find the population of Mexico City before\nthe migration and its effects if it is given that before\nthe migration the female population was half the\nmale population and this ratio did not change after\nthe migration?\n\n', '', '', '1000000', '1200000', '1500000', '1600000', 'c', 'Level 2', 'PPL'),
(186, 'Malti has `M with her and her friend Chinki has\n`C with her. Malti spends 12% of her money and\nChinki also spends the same amount as Malti did.\nWhat percentage of her money did Chinki spend?\n', '', '', '18M/C', '18C/M', '12M/C', '12C', 'c', 'Level 2', 'PPL'),
(187, 'According to a recent survey report issued by the\nCommerce Ministry, Government of India, 30% of\nthe total FDI goes to Gujarat and 20% of this goes\nto rural areas. If the FDI in Gujarat, which goes to\nurban areas, is $72 m, then find the size of FDI in\nrural Andhra Pradesh, which attracts 50% of the FDI\nthat comes to Andhra Pradesh, which accounts for\n20% of the total FDI?\n', '', '', '$30', '$9', '$60', '$40', 'a', 'Level 2', 'PPL'),
(188, 'If in the previous question, the growth in the size of\nFDI for the next year with respect to the previous\nyear is 20%, then find the share of urban Maharashtra\nnext year if 12% of the total FDI going to Maha-\nrashtra went to urban areas (provided Maharashtra\nattracted only 10% of the total share for both years).\n', '', '', '$36', '$4.32', '$3', '$5', 'b', 'Level 2', 'PPL'),
(189, 'The cost of food accounted for 25% of the income\nof a particular family. If the income gets raised by\n20%, then what should be the percentage point de-\ncrease in the food expenditure as a percentage of the\ntotal income to keep the food expenditure unchanged\nbetween the two years?\n', '', '', '3.5', '8.33', '4.16', '5', 'c', 'Level 2', 'PPL'),
(190, 'If the length, breadth and height of a cube are de-\ncreased, decreased and increased by 5%, 5% and\n20%, respectively, then what will be the impact on\nthe surface area of the cube (in percentage terms)?\n', '', '', '7.25%', '5%', '8.33%', '6.08%', 'd', 'Level 2', 'PPL'),
(191, 'The price of raw materials has gone up by 15%,\nlabour cost has also increased from 25% of the cost\nof raw material to 30% of the cost of raw material.\nBy how much percentage should there be a reduction\nin the usage of raw materials so as to keep the cost\nsame?\n', '', '', '17%', '24%', '28%', '25%', 'a', 'Level 3', 'PPL'),
(192, 'Mr. A is a computer programmer. He is assigned\nthree jobs for which time allotted is in the ratio of\n5 : 4 : 2 (jobs are needed to be done individually).\nBut due to some technical snag, 10% of the time\nallotted for each job gets wasted. Thereafter, owing\nto the lack of interest, he invests only 40%, 30%\nand 20% of the hours of what was actually allotted\nto do the three jobs individually. Find how much\npercentage of the total time allotted is the time in-\nvested by A.\n', '', '', '38.33%', '39.45%', '32.72%', '36.66%', 'c', 'Level 3', 'PPL'),
(193, 'In the Mock CAT paper at Mindworkzz, questions\nwere asked in five sections. Out of the total students,\n5% candidates cleared the cut-off in all the sec-\ntions and 5% cleared none. Of the rest, 25% cleared\nonly one section and 20% cleared four sections. If\n24.5% of the entire candidates cleared two sections\nand 300 candidates cleared three sections, find out\nhow many candidates appeared at the Mock CAT at\nMindworkzz?\n', '', '', '1000', '1200', '1500', '2000', 'b', 'Level 3', 'PPL'),
(194, 'There are three galleries in a coal mine. On the first\nday, two galleries are operative and after some time,\nthe third gallery is made operative. With this, the\noutput of the mine became half as large again. What\nis the capacity of the second gallery as a percentage\nof the first, if it is given that a four-month output of\nthe first and the third galleries was the same as the\nannual output of the second gallery?\n', '', '', '70%', '64%', '60%', '65%', 'c', 'Level 3', 'PPL'),
(195, 'In an election of 3 candidates A, B and C, A gets\n50% more votes than B. A also beats C by 1,80,00\nvotes. If it is known that B gets 5 percentage point\nmore votes than C, find the number of voters on the\nvoting list (given 90% of the voters on the voting\nlist voted and no votes were illegal)\n', '', '', '72,000', '81,000', '90,000', ' 1,00,000', 'b', 'Level 3', 'PPL'),
(196, 'A clock is set right at 12 noon on Monday. It loses\n1/2% on the correct time in the first week but gains\n1/4% on the true time during the second week. The\ntime shown on Monday after two weeks will be\n', '', '', '12 : 25 : 12 ', '11 : 34 : 48', '12 : 50 : 24 ', ' 12 : 24 : 16', 'b', 'Level 3', 'PPL'),
(197, 'The petrol prices shot up by 7% as a result of the\nhike in the price of crudes. The price of petrol be-\nfore the hike was $28 per litre. Vawal travels 2400\nkilometres every month and his car gives a mileage\nof 18 kilometres to a litre. Find the increase in the\nexpenditure that Vawal has to incur due to the in-\ncrease in the price of petrol (to the nearest rupee)?\n\n', '', '', '$270', '$262', '$276', '$272', 'c', 'Level 3', 'PPL'),
(198, 'A shopkeeper announces a discount scheme as fol-\nlows: for every purchase of $3000 to $6000, the\ncustomer gets a 15% discount or a ticket that entitles\nhim to get a 7% discount on a further purchase of\ngoods costing more than $6000. The customer, how-\never, would have the option of reselling his right to\nthe shopkeeper at 4% of his initial purchase value\n(as per the right refers to the 7% discount ticket).\nIn an enthusiastic response to the scheme, 10 people\npurchase goods worth ` 4000 each. Find the maxi-\nmum. Possible revenue for the shopkeeper.\n', '', '', '$38,400', '$38,000', '$39,400', '$39,000', 'a', 'Level 3', 'PPL'),
(199, 'Abhimanyu Banerjee has 72% vision in his left eye\nand 68% vision in his right eye. On corrective ther-\napy, he starts wearing contact lenses, which augment\nhis vision by 15% in the left eye and 11% in the\nright eye. Find out the percentage of normal vision\nthat he possesses after corrective therapy. (Assume\nthat a persons eyesight is a multiplicative construct\nof the eyesights of his left and right eyes)\n', '', '', '52.50%', '62.50%', '72.50%', '68.60%', 'b', 'Level 3', 'PPL'),
(200, 'A shopkeeper gives 3 consecutive discounts of 10%,\n15% and 15% after which he sells his goods at a\npercentage profit of 30.05% on the C.P. Find the\nvalue of the percentage profit that the shopkeeper\nwould have earned if he had given discounts of 10%\nand 15% only.\n', '', '', '53%', '62.50%', '72.50%', '68.60%', 'a', 'Level 3', 'PPL'),
(201, 'Krishna Iyer, a motorist uses 24% of his fuel in cov-\nering the first 20% of his total journey (in city driving\nconditions). If he knows that he has to cover another\n25% of his total journey in city driving conditions,\nwhat should be the minimum percentage increase\nin the fuel efficiency for non-city driving over the\ncity driving fuel efficiency, so that he is just able to\ncover his entire journey without having to refuel?\n(Approximately)\n', '', '', '39.20%', '43.50%', '45.60%', '41.20%', 'b', 'Level 3', 'PPL'),
(202, 'By selling a watch for $560, a shopkeeper incurs\na loss of 20%. Find the cost price of the watch for\nthe shopkeeper.', '', '', '$600', '$700', '$610', '$640', 'b', 'Level 1', 'PPL'),
(203, 'By selling a cap for $29.75, a man gains 6.25%.\nWhat will be the CP of the cap?\n', '', '', '$26', '$27.50', '$28', '$27.80', 'c', 'Level 1', 'PPL'),
(204, 'A cellular phone when sold for $ 3808 fetches a profit\nof 12%. Find the cost price of the cellular phone.\n', '', '', '$3,190', '$3,400', '$3,260', '$3,560', 'b', 'Level 1', 'PPL'),
(205, 'A machine costs $ 1025. If it is sold at a loss of\n25%, what will be its cost price as a percentage of\nits selling price?\n', '', '', '125%', '116.67%', '120%', '133.33%', 'd', 'Level 1', 'PPL'),
(206, 'A shopkeeper sold goods for $1800 and made a profit\nof 20% in the process. Find his profit per cent if he\nhad sold his goods for $ 1687.5.\n', '', '', '11.50%', '10.50%', '12.50%', '6.25%', 'c', 'Level 1', 'PPL'),
(207, 'A tablet is sold for $6612.5 at a profit of 15%. What\nwould have been the actual profit or loss on it, if it\nhad been sold for $ 5380?\n', '', '', '$370', '$410', '$480', '$340', 'a', 'Level 1', 'PPL'),
(208, 'A marble table when sold for $ 6400 gives a loss of\n11.11% to the merchant who sells it. Calculate his\nloss or gain per cent, if he sells it for $ 7812.\n', '', '', 'Loss of 8.625%', 'Profit of 8.5%', 'loss of 8%', 'Profit of 7.5%', 'b', 'Level 1', 'PPL'),
(209, 'By selling bouquets for $ 69, a florist gains 15%. At\nwhat price should he sell the bouquets to gain 20%\non the cost price?\n', '', '', '$72', '$75', '$66', '$78', 'a', 'Level 1', 'PPL'),
(210, 'A shopkeeper bought 480 chocolates at $ 6 per doz-\nen. If he sold all of them at $0.75 each, what was\nhis profit per cent?', '', '', '50%', '33.33%', '75%', '20%', 'a', 'Level 1', 'PPL'),
(211, 'A feeding bottle is sold for $ 150. Sales tax accounts\nfor one-fifth of this and profit one-third of the re-\nmainder. Find the cost price of the feeding bottle.', '', '', '$72', '$80', '$90', '$76', 'b', 'Level 1', 'PPL'),
(212, 'An iron merchant makes a profit of 30% by selling\niron at $ 26 per quintal. If he sells the iron at $ 22.50\nper quintal, what is his profit per cent on the whole\ninvestment?\n', '', '', '12.50%', '6.66%', '7.50%', '8%', 'a', 'Level 1', 'PPL'),
(213, 'The cost price of a shirt and a pair of trousers is $\n473. If the shirt costs 15% more than the trousers,\nfind the cost price of the trouser.\n', '', '', '$243', '$253', '$210', '$220', 'd', 'Level 1', 'PPL'),
(214, 'A pet shop owner sells two puppies at the same price.\nOn one he makes a profit of 25% and on the other\nhe suffers a loss of 25%. Find his loss or gain per\ncent on the whole transaction.\n', '', '', 'Gain of 6.25%', 'No profit no loss', 'Loss of 12.5%', 'loss of 6.25%', 'd', 'Level 1', 'PPL'),
(215, 'The marked price of a table is $1200, which is 20%\nabove the cost price. It is sold at a discount of 10%\non the marked price. find the profit per cent.\n', '', '', '10%', '8%', '7.50%', '6%', 'b', 'Level 1', 'PPL'),
(216, '125 toffees cost $ 75. Find the cost of one million\ntoffees if there is a discount of 40% on the selling\nprice for this quantity.\n', '', '', '$300,000', '$320,000', '$360,000', '$400,000', 'c', 'Level 1', 'PPL'),
(217, 'A shopkeeper marks the price of an article at $ 250.\nFind the cost price if after allowing a discount of\n20% he still gains 25% on the cost price.', '', '', '210', '160', '200', '180', 'b', 'Level 1', 'PPL'),
(218, 'A dozen pairs of gloves quoted at $120 are available\nat a discount of 20%. Find how many pairs of gloves\ncan be bought for $ 16.\n', '', '', '2', '3', '4', '6', 'a', 'Level 1', 'PPL'),
(219, 'Find a single discount equivalent to the discount\nseries of 25%, 20%, 10%.\n', '', '', '66%', '46%', '54%', '34%', 'b', 'Level 1', 'PPL'),
(220, 'The printed price of a calculator is $ 225. A retailer\npays $ 148.5 for it by getting successive discounts\nof 20% and another rate which is illegible. What is\nthe second discount rate?\n', '', '', '17%', '18.50%', '16%', '17.50%', 'd', 'Level 1', 'PPL'),
(221, 'How much percent more than the cost price should\na shopkeeper mark his goods, so that after allowing\na discount of 6.25% he should have a gain of 25%\non his outlay?', '', '', '33.33%', '16.66%', '25%', '20%', 'a', 'Level 1', 'PPL'),
(222, 'Mithilesh makes 750 articles at a cost of 60 paise\nper article. He fixes the selling price such that if\nonly 600 articles are sold, he would have made a\nprofit of 40% on the outlay. However, 120 articles\ngot spoilt and he was able to sell 630 articles at this\nprice. Find his actual profit percent as the percentage\nof total outlay assuming that the unsold articles are\nuseless.\n', '', '', '42%', '53%', '47%', '46%', 'c', 'Level 2', 'PPL'),
(223, 'A manufacturer estimates that on inspection 12% of\nthe articles he produces will be rejected. He accepts\nan order to supply 22,000 articles at $ 7.50 each.\nHe estimates the profit on his outlay including the\nmanufacturing of rejected articles, to be 20%. Find\nthe cost of manufacturing each article.\n', '', '', '$6', '$5.50', '$5', '$4.50', 'b', 'Level 2', 'PPL'),
(224, 'The cost of setting up the type of a magazine is\n$1000. The cost of running the printing machine is\n$ 120 per 100 copies. The cost of paper, ink and so\non is 60 paise per copy. The magazines are sold at\n$ 2.75 each. 900 copies are printed, but only 784\ncopies are sold. What is the sum to be obtained from\nadvertisements to give a profit of 10% on the cost?\n', '', '', '$730', '$720', '$726', '$736', 'c', 'Level 2', 'PPL'),
(225, 'A tradesman fixed his selling price of goods at 30%\nabove the cost price. He sells half the stock at this\nprice, one-quarter of his stock at a discount of 15%\non the original selling price and rest at a discount\nof 30% on the original selling price. Find the gain\npercent altogether.', '', '', '14.88%', '15.38%', '15.58%', '16.38%', 'b', 'Level 2', 'PPL'),
(226, 'Dolly goes to a shop to purchase a doll priced at\n400. She is offered 4 discount options by the shop-\nkeeper. Which of these options should she opt for to\ngain maximum advantage of the discount offered?\n', '', '', 'Single discount of 30%', '2 successive discounts of 15% each', '2 successive discounts of 20% and 10%', '2 successive discounts of 20% and 12%', 'a', 'Level 2', 'PPL'),
(227, 'A dishonest dealer marks up the price of his goods\nby 20% and gives a discount of 10% to the cus-\ntomer. He also uses a 900 gram weight instead of a 1\nkilogram weight. Find his percentage profit due to\nthese maneuvers.\n', '', '', '8%', '12%', '20%', '16%', 'c', 'Level 2', 'PPL'),
(228, 'A dishonest dealer marks up the price of his goods\nby 20% and gives a discount of 10% to the cus-\ntomer. Besides, he also cheats both his supplier and\nhis buyer by 100 grams while buying or selling 1\nkilogram. Find the percentage profit earned by the\nshopkeeper.', '', '', '20%', '25%', '32%', '27.50%', 'c', 'Level 2', 'PPL'),
(229, 'Cheap and Best, a kirana shop bought some apples\nat 4 per rupee and an equal number at 5 per rupee.\nHe then sold the entire quantity at 9 for 2 rupees.\nWhat is his percentage profit or loss?\n', '', '', '1.23% loss', '6.66%', '8.89%', 'No profit no loss', 'a', 'Level 2', 'PPL'),
(230, 'A watch dealer sells watches at $ 600 per watch.\nHowever, he is forced to give two successive dis-\ncounts of 10% and 5% respectively. However, he\nrecovers the sales tax on the net sale price from the\ncustomer at 5% of the net price. What price does a\ncustomer have to pay him to buy the watch?\n', '', '', '$539.75', '$539.65', '$538.75', '$538.65', 'd', 'Level 2', 'PPL'),
(231, 'Deb bought 100 kg of rice for $ 1100 and sold it at\na loss of as much money as he received for 20 kg\nrice. At what price did he sell the rice?\n', '', '', '$9 per kg', '$9.1666 per kg', '$9.5 per kg', '$10.33 per kg', 'b', 'Level 2', 'PPL'),
(232, 'A carpenter wants to sell 40 chairs. If he sells them\nat $ 156 per chair, he would be able to sell all the\nchairs. But for every $ 6 increase in price, he will\nbe left with one additional unsold chair. At what sell-\ning price would he be able to maximise his profits\n(assuming unsold chairs remain with him)?\n', '', '', '198', '192', '204', '210', 'a', 'Level 2', 'PPL'),
(233, 'A shopkeeper makes a profit of Q% by selling an\nobject for $ 24. Had the cost price and selling price\nbeen interchanged, it would have led to a loss of\n62.5Q%. With the latter cost price, what should be\nthe new selling price to get a profit of Q%?\n', '', '', '$34.40', '$32.50', '$25.60', '$38.40', 'd', 'Level 2', 'PPL'),
(234, 'Find the change in the percentage profit for a fruit\nvendor who, after finding 20% of the fruits rotten,\nincreased his selling price by 10% over and above\n15% that he was already charging?\n', '', '', '-15', '11.5', '-13.8', '-11.5', 'c', 'Level 2', 'PPL'),
(235, 'Find the selling price of goods if two salesmen claim\nto make 25% profit each, one calculating it on cost\nprice while another on the selling price, the differ-\nence in the profits earned being $ 100 and selling\nprice being the same in both the cases.', '', '', '$2,000', '$1,600', '$2,400', '$2,500', 'a', 'Level 2', 'PPL'),
(236, 'A shopkeeper calculates percentage profit on the buy-\ning price and another on the selling price. What will\nbe their difference in profits if both claim a profit of\n20% on goods sold for $ 3000?\n', '', '', '$200', '$100', '$400', '$150', 'b', 'Level 2', 'PPL'),
(237, '$1200 is lent out at 5% per annum simple interest for 3 years. Find the amount after 3 years.', '', '', '$1,380', '$1,290', '$1,470', '$1,200', 'a', 'Level 1', 'SI'),
(238, 'Interest obtained on a sum of $ 5000 for 3 years is 1500. Find the rate percent.', '', '', '8%', '9%', '10%', '11%', 'c', 'Level 1', 'SI'),
(239, '$2100 is lent at compound interest of 5% per annum for 2 years. Find the amount after two years.', '', '', '$2,300', '$2,315.25', '$2,310', '$2,320', 'b', 'Level 1', 'SI'),
(240, '$1694 is repaid after two years at compound interest. Which of the following is the value of the principal and the rate? ', '', '', '$ 1200, 20%', '$1300, 15%', '$1400,10%', '$1500,12%', 'c', 'Level 1', 'SI'),
(241, 'Find the difference between the simple and the compound interest at 5% per annum for 2 years on a principal of $2000.', '', '', '5', '105', '4.5', '5.5', 'a', 'Level 1', 'SI'),
(242, 'Find the rate of interest if the amount after 2 years of simple interest on a capital of $1200 is $1440.', '', '', '8%', '9%', '10%', '11%', 'c', 'Level 1', 'SI'),
(243, 'After how many years will a sum of $12,500 become $17,500 at the rate of 10% per annum?', '', '', '2 years', '3 years', '4 years', '5 years', 'c', 'Level 1', 'SI'),
(244, 'What is the difference between the simple interest on a principal of $500 being calculated at 5% per annum for 3 years and 4% per annum for 4 years?', '', '', '5', '10', '20', '40', 'a', 'Level 1', 'SI'),
(245, 'What is the simple interest on a sum of $700 if the rate of interest for the first 3 years is 8% per annum and for the last 2 years is 7.5% per annum?', '', '', '269', '283', '273', '280', 'c', 'Level 1', 'SI'),
(246, 'What is the simple interest for 9 years on a sum of 800 if the rate of interest for the first 4 years is 8% per annum and for the last 4 years is 6% per\r\nannum?', '', '', '400', '392', '352', 'Cannot be determined', 'd', 'Level 1', 'SI'),
(247, 'What is the difference between compound interest and simple interest for the sum of $20,000 over a 2 year period if the compound interest is calculated at 20% and simple interest is calculated at 23%?', '', '', '400', '460', '440', '450', 'a', 'Level 1', 'SI'),
(248, 'Find the compound interest on $1000 at the rate of 20% per annum for 18 months when interest is compounded half-yearly.', '', '', '331', '1331', '320', '325', 'a', 'Level 1', 'SI'),
(249, 'Find the principal if the interest compounded at the rate of 10% per annum for two years is $420.', '', '', '$2,000', '$2,200', '$1,000', '$1,100', 'a', 'Level 1', 'SI'),
(250, 'Find the principal if compound interest is charged on the principal at the rate of  16(2/3) per annum for two years and the sum becomes $196.', '', '', '$140', '$154', '$150', '$144', 'd', 'Level 1', 'SI'),
(251, 'The SBI lent $1331 to the Tata group at a compound interest and got $1728 after three years. What is the rate of interest charged if the interest is compounded annually?', '', '', '11%', '9.09%', '12%', '8.33 %', 'b', 'Level 1', 'SI'),
(252, 'In what time will $3300 become $3399 at 6% per annum interest compounded half-yearly?', '', '', '6 months', '1 year', '1.5 years', '3 months', 'a', 'Level 1', 'SI'),
(253, 'Ranjan purchased a Maruti van for $1,96,000 and the rate of depreciation is 14(2/7) % per annum. Find the value of the van after two years.', '', '', '$140,000', '$144,000', '$150,000', '$1,60,000', 'b', 'Level 1', 'SI'),
(254, 'At what percentage per annum, will $10,000 amount to $17,280 in three years? (Compound Interest being\nreckoned)', '', '', '20%', '14%', '24%', '11%', 'a', 'Level 1', 'SI'),
(255, 'Vinay deposited $8000 in ICICI Bank, which pays him 12% interest per annum compounded quarterly. What is the amount that he receives after\n15 months?', '', '', '$9,274.20', '$9,228.80', '$9,314.30', '$9,338.80', 'a', 'Level 1', 'SI'),
(256, 'What is the rate of simple interest for the first 4 years if the sum of $360 becomes $540 in 9 years and the rate of interest for the last 5 years is 6%?', '', '', '4%', '5%', '3%', '6%', 'b', 'Level 1', 'SI'),
(257, 'A sum of money invested at simple interest triples\nitself in 8 years at simple interest. Find in how many\nyears will it become 8 times itself at the same rate?\n', '', '', '24 yrs', '28 yrs', '30 yrs', '21 yrs', 'b', 'Level 2', 'SI'),
(258, 'A sum of money invested at simple interest triples\nitself in 8 years. How many times will it become in\n20 years time?\n', '', '', '8 times', '7 times', '6 times', '9 times', 'c', 'Level 2', 'SI'),
(259, 'If $ 1100 is obtained after lending out $ x at 5%\nper annum for 2 years and $ 1800 is obtained after\nlending out $ y at 10% per annum for 2 years, find\nx + y.\n', '', '', '$2,500', '$3,000', '$2,000', '$2,200', 'a', 'Level 2', 'SI'),
(260, 'Find the amount which a sum of $ 9000 taken for\n12 years becomes at the end of 12 years.\n', 'A certain sum of money was lent under the following\r\nrepayment scheme based on Simple Interest:\r\n8% per annum for the initial 2 years\r\n9.5% per annum for the next 4 years\r\n11% per annum for the next 2 years\r\n12% per annum after the first 8 years', '', '20200', '19800', '20000', '20160', 'd', 'Level 2', 'SI'),
(261, 'If a person repaid $ 22,500 after 10 years of borrow-\ning a loan, at 10% per annum simple interest find\nout what amount did he take as a loan?\n', 'A certain sum of money was lent under the following\r\nrepayment scheme based on Simple Interest:\r\n8% per annum for the initial 2 years\r\n9.5% per annum for the next 4 years\r\n11% per annum for the next 2 years\r\n12% per annum after the first 8 years', '', '11225', '11250', '10000', '7500', 'b', 'Level 2', 'SI'),
(262, 'Mr. X, a very industrious person, wants to establish\nhis own unit. For this he needs an instant loan of\n$ 5,00,000 and, every five years he requires an ad-\nditional loan of $100,000. If he had to clear all his\noutstandings in 20 years, and he repays the principal\nof the first loan equally over the 20 years, find what\namount he would have to pay as interest on his initial\nborrowing if the rate of interest is 10% p.a. Simple\nInterest.\n', 'A certain sum of money was lent under the following\r\nrepayment scheme based on Simple Interest:\r\n8% per annum for the initial 2 years\r\n9.5% per annum for the next 4 years\r\n11% per annum for the next 2 years\r\n12% per annum after the first 8 years', '', '$560,000', '$540,000', '$525,000', '$500,000', 'c', 'Level 2', 'SI'),
(263, 'The population of a city is 200,000. If the annual\nbirth rate and the annual death rate are 6% and 3% respectively, then calculate the population of the city\nafter 2 years.\n', '', '', '212090', '206090', '212000', '212180', 'd', 'Level 2', 'SI'),
(264, 'A part of $ 38,800 is lent out at 6% per six months.\nThe rest of the amount is lent out at 5% per annum\nafter one year. The ratio of interest after 3 years\nfrom the time when first amount was lent out is\n5 : 4. Find the second part that was lent out at 5%.\n', '', '', '$26,600', '$28,800', '$27,500', '$28,000', 'b', 'Level 2', 'SI'),
(265, 'If the simple interest is 10.5% annual and compound\ninterest is 10% annual, find the difference between\nthe interests after 3 years on a sum of $ 1000.\n', '', '', '$15', '$12', '$16', '$11', 'c', 'Level 2', 'SI'),
(266, 'A sum of $ 1000 after 3 years at compound inter-\nest becomes a certain amount that is equal to the\namount that is the result of a 3 year depreciation\nfrom $ 1728. Find the difference between the rates\nof CI and depreciation. (Given CI is 10% p.a.). (Ap-\nproximately)\n\n', '', '', '3.33%', '0.66%', '3%', '2%', 'd', 'Level 2', 'SI'),
(267, 'The RBI lends a certain amount to the SBI on simple\ninterest for two years at 20%. The SBI gives this\nentire amount to Bharti Telecom on compound inter-\nest for two years at the same rate annually. Find the\npercentage earning of the SBI at the end of two years\non the entire amount.\n', '', '', '4%', '3(1/7)%', '3(2/7)%', '3(6/7)%', 'a', 'Level 2', 'SI'),
(268, 'Find the compound interest on $ 64,000 for 1 year\nat the rate of 10% per annum compounded quarterly\n(to the nearest integer).\n', '', '', '$8,215', '$8,205', '$8,185', 'None Of These', 'd', 'Level 2', 'SI'),
(269, 'If a principal P becomes Q in 2 years when inter-\nest R% is compounded half-yearly. And if the same\nprincipal P becomes Q in 2 years when interest S%\nis compound annually, then which of the following\nis true?\n', '', '', 'R>S', 'R=S', 'R<S', 'R<=S', 'c', 'Level 2', 'SI'),
(270, 'Find the compound interest at the rate of 10% for 3\nyears on that principal which in 3 years at the rate\nof 10% per annum gives $ 300 as simple interest. ', '', '', '$331', '$310', '$330', '$333', 'a', 'Level 2', 'SI'),
(271, 'The difference between CI and SI on a certain sum\nof money at 10% per annum for 3 years is $ 620.\nFind the principal if it is known that the interest is\ncompounded annually.\n', '', '', '200000', '20000', '10000', '100000', 'b', 'Level 2', 'SI'),
(272, 'The population of Mangalore was 1283575 on 1\nJanuary 2011 and the growth rate of population\nwas 10% in the last year and 5% in the years prior\nto it, the only exception being 2009 when because\nof a huge exodus there was a decline of 20% in\npopulation. What was the population on January 1,\n2005?\n', '', '', '1000000', '1200000', '1250000', '1500000', 'b', 'Level 2', 'SI'),
(273, 'According to the 2011 census, the population growth\nrate of Lucknow is going to be an increasing AP\nwith first years rate as 5% and common difference\nas 5%, but simultaneously the migration, rate is an\nincreasing GP with first term as 1% and common\nratio of 2. If the population on 31 December 2010\nis 1 million, then find in which year will Lucknow\nwitness its first fall in population?\n', '', '', '2015', '2016', '2017', '2018', 'b', 'Level 2', 'SI'),
(274, 'Mohit Anand borrows a certain sum of money from\nthe Mindworkzz Bank at 10% per annum at com-\npound interest. The entire debt is discharged in full\nby Mohit Anand on payment of two equal amounts\nof $ 1000 each, one at the end of the first year and\nthe other at the end of the second year. What is the\napproximate value of the amount borrowed by him?\n', '', '', '$1,852', '$1,736', '$1,694', '$1,792', 'b', 'Level 2', 'SI'),
(275, 'In order to buy a car, a man borrowed $ 180,000\non the condition that he had to pay 7.5% interest\nevery year. He also agreed to repay the principal\nin equal annual instalments over 21 years. After a\ncertain number of years, however, the rate of interest\nhas been reduced to 7%. It is also known that at the\nend of the agreed period, he will have paid in all\n$ 270,900 in interest. For how many years does he\npay at the reduced interest rate?\n', '', '', '7 yrs', '12 yrs', '14 yrs', '16 yrs', 'c', 'Level 2', 'SI'),
(276, 'A sum of $ 8000 is borrowed at 5% p.a. compound\ninterest and paid back in 3 equal annual instalments.\nWhat is the amount of each instalment?\n', '', '', '$2,937.67', '$3,000', '$2,037.67', '$2,739.76', 'a', 'Level 2', 'SI');

-- --------------------------------------------------------

--
-- Table structure for table `testdataset`
--

CREATE TABLE `testdataset` (
  `testId` varchar(100) NOT NULL,
  `tptest` varchar(100) NOT NULL,
  `totalcorrect` int(100) NOT NULL,
  `totalincorrect` int(100) NOT NULL,
  `testscore` int(100) NOT NULL,
  `Username` varchar(500) NOT NULL,
  `accuracy` double NOT NULL
) ENGINE=InnoDB DEFAULT CHARSET=utf8mb4;

--
-- Dumping data for table `testdataset`
--

INSERT INTO `testdataset` (`testId`, `tptest`, `totalcorrect`, `totalincorrect`, `testscore`, `Username`, `accuracy`) VALUES
('1592043613', '00:00:59', 2, 13, -7, 'Manisha', 13.333333333333334),
('1592052078', '00:00:34', 1, 9, -6, 'Manisha', 10),
('1592052124', '00:00:22', 0, 6, -6, 'Manisha', 0),
('1592052167', '00:00:25', 4, 4, 8, 'Manisha', 50),
('1592053130', '00:00:24', 2, 5, 1, 'Manisha', 28.57142857142857),
('1592057700', '00:00:21', 0, 2, -2, 'Manisha', 0),
('1592057733', '00:00:12', 0, 1, -1, 'Manisha', 0),
('1592057758', '00:00:31', 0, 4, -4, 'Manisha', 0),
('1592057800', '00:00:15', 2, 1, 5, 'Manisha', 66.66666666666666),
('1592057827', '00:00:08', 0, 1, -1, 'Manisha', 0),
('1592069219', '00:00:15', 1, 3, 0, 'Manisha', 25),
('1592069985', '00:02:16', 1, 12, -9, 'sachin.thosar', 7.6923076923076925),
('1592070679', '00:00:17', 0, 5, -5, 'sachin.thosar', 0),
('1592071326', '00:00:30', 3, 5, 4, 'sachin.thosar', 37.5),
('1592071704', '00:00:39', 4, 8, 4, 'sachin.thosar', 33.33333333333333),
('1592071765', '00:00:29', 3, 6, 3, 'sachin.thosar', 33.33333333333333),
('1592073184', '00:00:36', 2, 6, 0, 'sachin.thosar', 25),
('1592074156', '00:00:43', 5, 7, 8, 'sachin.thosar', 41.66666666666667),
('1592074236', '00:00:09', 2, 1, 5, 'sachin.thosar', 66.66666666666666),
('1592074257', '00:00:06', 1, 1, 2, 'sachin.thosar', 50),
('1592074278', '00:00:49', 3, 12, -3, 'sachin.thosar', 20),
('1592074506', '00:00:10', 1, 2, 1, 'sachin.thosar', 33.33333333333333),
('1592074528', '00:00:05', 0, 1, -1, 'sachin.thosar', 0),
('1592074543', '00:00:28', 2, 2, 4, 'sachin.thosar', 50),
('1592074583', '00:00:06', 0, 1, -1, 'sachin.thosar', 0),
('1592074602', '00:00:10', 1, 1, 2, 'sachin.thosar', 50),
('1592080419', '00:00:34', 0, 5, -5, 'sachin.thosar', 0),
('1592081242', '00:00:11', 1, 2, 1, 'sachin.thosar', 33.33333333333333),
('1592082009', '00:00:40', 3, 7, 2, 'greeva.shah', 30);

-- --------------------------------------------------------

--
-- Table structure for table `topicdataset`
--

CREATE TABLE `topicdataset` (
  `id` int(11) NOT NULL,
  `testId` varchar(100) NOT NULL,
  `topic` varchar(100) NOT NULL,
  `correctness` decimal(11,4) NOT NULL,
  `tpque` decimal(11,4) NOT NULL,
  `optionchanges` decimal(11,4) NOT NULL,
  `tptopic` int(11) NOT NULL,
  `correct` int(100) NOT NULL,
  `incorrect` int(100) NOT NULL,
  `topicscore` int(100) NOT NULL,
  `tptest` varchar(100) NOT NULL
) ENGINE=InnoDB DEFAULT CHARSET=utf8mb4;

--
-- Dumping data for table `topicdataset`
--

INSERT INTO `topicdataset` (`id`, `testId`, `topic`, `correctness`, `tpque`, `optionchanges`, `tptopic`, `correct`, `incorrect`, `topicscore`, `tptest`) VALUES
(213, '1592043613', 'TSD', '0.2000', '2.4000', '1.0000', 12, 1, 4, -1, '00:00:59'),
(214, '1592043613', 'TW', '0.0000', '4.2500', '1.0000', 17, 0, 4, -4, '00:00:59'),
(215, '1592043613', 'SI', '0.3333', '3.0000', '1.0000', 9, 1, 2, 1, '00:00:59'),
(216, '1592043613', 'PPL', '0.0000', '3.0000', '1.0000', 9, 0, 3, -3, '00:00:59'),
(217, '1592052078', 'TSD', '0.0000', '1.2500', '1.0000', 5, 0, 2, -2, '00:00:34'),
(218, '1592052078', 'TW', '0.2500', '2.0000', '1.0000', 8, 1, 2, 1, '00:00:34'),
(219, '1592052078', 'SI', '0.0000', '1.3333', '1.0000', 4, 0, 2, -2, '00:00:34'),
(220, '1592052078', 'PPL', '0.0000', '2.5000', '1.0000', 10, 0, 3, -3, '00:00:34'),
(221, '1592052124', 'TSD', '0.0000', '1.0000', '0.0000', 5, 0, 2, -2, '00:00:22'),
(222, '1592052124', 'TW', '0.0000', '0.6667', '0.0000', 2, 0, 2, -2, '00:00:22'),
(223, '1592052124', 'SI', '0.0000', '0.7500', '0.0000', 3, 0, 1, -1, '00:00:22'),
(224, '1592052124', 'PPL', '0.0000', '1.3333', '0.0000', 4, 0, 1, -1, '00:00:22'),
(225, '1592052167', 'TSD', '0.0000', '0.5000', '0.0000', 2, 0, 2, -2, '00:00:25'),
(226, '1592052167', 'TW', '0.0000', '0.0000', '0.0000', 0, 0, 0, 0, '00:00:25'),
(227, '1592052167', 'SI', '0.6000', '1.6000', '0.0000', 8, 3, 1, 8, '00:00:25'),
(228, '1592052167', 'PPL', '0.2500', '1.2500', '0.0000', 5, 1, 1, 2, '00:00:25'),
(229, '1592052205', 'TSD', '0.0000', '0.0000', '0.0000', 0, 0, 0, 0, '00:00:18'),
(230, '1592052205', 'TW', '0.0000', '0.6667', '0.0000', 8, 0, 4, -4, '00:00:18'),
(231, '1592052205', 'SI', '0.0000', '2.0000', '0.0000', 2, 0, 1, -1, '00:00:18'),
(232, '1592052205', 'PPL', '0.0000', '-1.0000', '0.0000', -1, 0, 1, -1, '00:00:18'),
(233, '1592053130', 'TSD', '0.0000', '0.0000', '0.0000', 0, 0, 0, 0, '00:00:24'),
(234, '1592053130', 'TW', '0.0833', '1.1667', '1.0000', 14, 1, 4, -1, '00:00:24'),
(235, '1592053130', 'SI', '1.0000', '2.0000', '1.0000', 2, 1, 0, 3, '00:00:24'),
(236, '1592053130', 'PPL', '0.0000', '2.0000', '1.0000', 2, 0, 1, -1, '00:00:24'),
(237, '1592057700', 'TSD', '0.0000', '0.4167', '2.0000', 5, 0, 1, -1, '00:00:21'),
(238, '1592057700', 'TW', '0.0000', '12.0000', '4.0000', 12, 0, 1, -1, '00:00:21'),
(239, '1592057700', 'SI', '0.0000', '0.0000', '0.0000', 0, 0, 0, 0, '00:00:21'),
(240, '1592057700', 'PPL', '0.0000', '0.0000', '0.0000', 0, 0, 0, 0, '00:00:21'),
(241, '1592057733', 'TSD', '0.0000', '0.0000', '0.0000', 0, 0, 0, 0, '00:00:12'),
(242, '1592057733', 'TW', '0.0000', '0.0000', '0.0000', 0, 0, 0, 0, '00:00:12'),
(243, '1592057733', 'SI', '0.0000', '-0.1667', '0.0000', -1, 0, 1, -1, '00:00:12'),
(244, '1592057733', 'PPL', '0.0000', '0.0000', '0.0000', 0, 0, 0, 0, '00:00:12'),
(245, '1592057758', 'TSD', '0.0000', '0.7500', '1.0000', 3, 0, 1, -1, '00:00:31'),
(246, '1592057758', 'TW', '0.0000', '1.6000', '4.0000', 8, 0, 1, -1, '00:00:31'),
(247, '1592057758', 'SI', '0.0000', '0.0000', '2.0000', 0, 0, 0, 0, '00:00:31'),
(248, '1592057758', 'PPL', '0.0000', '1.2000', '0.0000', 6, 0, 2, -2, '00:00:31'),
(249, '1592057800', 'TSD', '0.0000', '2.0000', '0.0000', 2, 0, 1, -1, '00:00:15'),
(250, '1592057800', 'TW', '0.0000', '0.0000', '0.0000', 0, 0, 0, 0, '00:00:15'),
(251, '1592057800', 'SI', '0.1000', '0.5000', '1.0000', 5, 1, 0, 3, '00:00:15'),
(252, '1592057800', 'PPL', '1.0000', '-1.0000', '0.0000', -1, 1, 0, 3, '00:00:15'),
(253, '1592057827', 'TSD', '0.0000', '0.0000', '0.0000', 0, 0, 0, 0, '00:00:08'),
(254, '1592057827', 'TW', '0.0000', '0.0000', '0.0000', 0, 0, 0, 0, '00:00:08'),
(255, '1592057827', 'SI', '0.0000', '0.0000', '0.0000', 0, 0, 0, 0, '00:00:08'),
(256, '1592057827', 'PPL', '0.0000', '-1.0000', '0.0000', -1, 0, 1, -1, '00:00:08'),
(257, '1592069219', 'TSD', '0.2500', '0.7500', '1.0000', 3, 1, 0, 3, '00:00:15'),
(258, '1592069219', 'TW', '0.0000', '0.6000', '1.0000', 3, 0, 1, -1, '00:00:15'),
(259, '1592069219', 'SI', '0.0000', '1.0000', '1.0000', 6, 0, 2, -2, '00:00:15'),
(260, '1592069219', 'PPL', '0.0000', '0.0000', '0.0000', 0, 0, 0, 0, '00:00:15'),
(261, '1592069985', 'TSD', '0.0000', '4.8000', '1.0000', 24, 0, 4, -4, '00:02:16'),
(262, '1592069985', 'TW', '0.2500', '2.5000', '1.0000', 10, 1, 2, 1, '00:02:16'),
(263, '1592069985', 'SI', '0.0000', '12.3333', '1.0000', 37, 0, 3, -3, '00:02:16'),
(264, '1592069985', 'PPL', '0.0000', '12.0000', '1.3333', 36, 0, 3, -3, '00:02:16'),
(265, '1592070361', 'TSD', '0.5000', '3.2500', '0.0000', 13, 2, 2, 4, '00:00:47'),
(266, '1592070361', 'TW', '0.0000', '1.7500', '0.0000', 7, 0, 2, -2, '00:00:47'),
(267, '1592070361', 'SI', '0.3333', '1.0000', '0.0000', 3, 1, 1, 2, '00:00:47'),
(268, '1592070361', 'PPL', '0.0000', '1.5000', '0.5000', 6, 0, 2, -2, '00:00:47'),
(269, '1592070679', 'TSD', '0.0000', '1.5000', '1.0000', 6, 0, 2, -2, '00:00:17'),
(270, '1592070679', 'TW', '0.0000', '0.5000', '1.0000', 2, 0, 1, -1, '00:00:17'),
(271, '1592070679', 'SI', '0.0000', '0.0000', '0.0000', 0, 0, 0, 0, '00:00:17'),
(272, '1592070679', 'PPL', '0.0000', '1.6667', '1.0000', 5, 0, 2, -2, '00:00:17'),
(273, '1592071326', 'TSD', '0.0000', '0.0000', '0.0000', 0, 0, 0, 0, '00:00:30'),
(274, '1592071326', 'TW', '0.0000', '3.0000', '1.0000', 3, 0, 1, -1, '00:00:30'),
(275, '1592071326', 'SI', '0.2500', '1.3333', '1.0000', 16, 3, 3, 6, '00:00:30'),
(276, '1592071326', 'PPL', '0.0000', '2.0000', '1.0000', 2, 0, 1, -1, '00:00:30'),
(277, '1592071704', 'TSD', '0.1667', '1.6667', '0.2222', 20, 2, 7, -1, '00:00:39'),
(278, '1592071704', 'TW', '1.0000', '3.0000', '1.0000', 3, 1, 0, 3, '00:00:39'),
(279, '1592071704', 'SI', '1.0000', '3.0000', '1.0000', 3, 1, 0, 3, '00:00:39'),
(280, '1592071704', 'PPL', '0.0000', '2.0000', '0.0000', 2, 0, 1, -1, '00:00:39'),
(281, '1592071765', 'TSD', '0.2000', '1.6000', '0.0000', 8, 1, 2, 1, '00:00:29'),
(282, '1592071765', 'TW', '0.3333', '2.0000', '0.0000', 6, 1, 2, 1, '00:00:29'),
(283, '1592071765', 'SI', '0.0000', '-0.3333', '0.0000', -1, 0, 1, -1, '00:00:29'),
(284, '1592071765', 'PPL', '0.2500', '1.2500', '0.0000', 5, 1, 1, 2, '00:00:29'),
(285, '1592073184', 'TSD', '0.3333', '5.0000', '1.0000', 15, 1, 2, 1, '00:00:36'),
(286, '1592073184', 'TW', '0.0000', '0.0000', '0.0000', 0, 0, 0, 0, '00:00:36'),
(287, '1592073184', 'SI', '0.0000', '1.8571', '1.0000', 13, 0, 3, -3, '00:00:36'),
(288, '1592073184', 'PPL', '0.3333', '2.0000', '1.0000', 6, 1, 1, 2, '00:00:36'),
(289, '1592074156', 'TSD', '0.0000', '0.0000', '0.0000', 0, 0, 0, 0, '00:00:43'),
(290, '1592074156', 'TW', '0.3333', '2.0833', '0.4000', 25, 4, 6, 6, '00:00:43'),
(291, '1592074156', 'SI', '1.0000', '4.0000', '0.0000', 4, 1, 0, 3, '00:00:43'),
(292, '1592074156', 'PPL', '0.0000', '2.0000', '0.0000', 2, 0, 1, -1, '00:00:43'),
(293, '1592074236', 'TSD', '0.1667', '0.0833', '0.0000', 1, 2, 0, 6, '00:00:09'),
(294, '1592074236', 'TW', '0.0000', '2.0000', '0.0000', 2, 0, 1, -1, '00:00:09'),
(295, '1592074236', 'SI', '0.0000', '0.0000', '0.0000', 0, 0, 0, 0, '00:00:09'),
(296, '1592074236', 'PPL', '0.0000', '0.0000', '0.0000', 0, 0, 0, 0, '00:00:09'),
(297, '1592074257', 'TSD', '0.0000', '0.0000', '0.0000', 0, 0, 0, 0, '00:00:06'),
(298, '1592074257', 'TW', '0.0000', '0.0000', '0.0000', 0, 0, 0, 0, '00:00:06'),
(299, '1592074257', 'SI', '0.1667', '0.1667', '0.0000', 1, 1, 1, 2, '00:00:06'),
(300, '1592074257', 'PPL', '0.0000', '0.0000', '0.0000', 0, 0, 0, 0, '00:00:06'),
(301, '1592074278', 'TSD', '0.5000', '1.7500', '0.0000', 7, 2, 2, 4, '00:00:49'),
(302, '1592074278', 'TW', '0.0000', '2.6000', '0.2000', 13, 0, 5, -5, '00:00:49'),
(303, '1592074278', 'SI', '1.0000', '2.0000', '0.0000', 2, 1, 0, 3, '00:00:49'),
(304, '1592074278', 'PPL', '0.0000', '2.4000', '0.4000', 12, 0, 5, -5, '00:00:49'),
(305, '1592074506', 'TSD', '0.0000', '0.0000', '0.0000', 0, 0, 0, 0, '00:00:10'),
(306, '1592074506', 'TW', '0.0000', '0.6000', '0.0000', 3, 0, 1, -1, '00:00:10'),
(307, '1592074506', 'SI', '0.0000', '1.5000', '0.0000', 3, 0, 1, -1, '00:00:10'),
(308, '1592074506', 'PPL', '0.2000', '-0.2000', '0.0000', -1, 1, 0, 3, '00:00:10'),
(309, '1592074528', 'TSD', '0.0000', '-0.0833', '0.0000', -1, 0, 1, -1, '00:00:05'),
(310, '1592074528', 'TW', '0.0000', '0.0000', '0.0000', 0, 0, 0, 0, '00:00:05'),
(311, '1592074528', 'SI', '0.0000', '0.0000', '0.0000', 0, 0, 0, 0, '00:00:05'),
(312, '1592074528', 'PPL', '0.0000', '0.0000', '0.0000', 0, 0, 0, 0, '00:00:05'),
(313, '1592074543', 'TSD', '0.0000', '0.0000', '0.0000', 0, 0, 0, 0, '00:00:28'),
(314, '1592074543', 'TW', '0.0000', '1.2000', '0.0000', 6, 0, 2, -2, '00:00:28'),
(315, '1592074543', 'SI', '0.2000', '1.2000', '0.0000', 6, 1, 0, 3, '00:00:28'),
(316, '1592074543', 'PPL', '0.2500', '1.2500', '0.0000', 5, 1, 0, 3, '00:00:28'),
(317, '1592074583', 'TSD', '0.0000', '-0.0833', '0.0000', -1, 0, 1, -1, '00:00:06'),
(318, '1592074583', 'TW', '0.0000', '0.0000', '0.0000', 0, 0, 0, 0, '00:00:06'),
(319, '1592074583', 'SI', '0.0000', '0.0000', '0.0000', 0, 0, 0, 0, '00:00:06'),
(320, '1592074583', 'PPL', '0.0000', '0.0000', '0.0000', 0, 0, 0, 0, '00:00:06'),
(321, '1592074602', 'TSD', '0.0000', '0.0000', '0.0000', 0, 0, 0, 0, '00:00:10'),
(322, '1592074602', 'TW', '0.0000', '0.0000', '0.0000', 0, 0, 0, 0, '00:00:10'),
(323, '1592074602', 'SI', '0.0000', '-0.2000', '0.0000', -1, 0, 1, -1, '00:00:10'),
(324, '1592074602', 'PPL', '0.2500', '1.2500', '0.0000', 5, 1, 0, 3, '00:00:10'),
(325, '1592080419', 'TSD', '0.0000', '1.0000', '1.0000', 6, 0, 2, -2, '00:00:34'),
(326, '1592080419', 'TW', '0.0000', '0.8571', '1.0000', 6, 0, 2, -2, '00:00:34'),
(327, '1592080419', 'SI', '0.0000', '3.0000', '1.0000', 3, 0, 1, -1, '00:00:34'),
(328, '1592080419', 'PPL', '0.0000', '0.0000', '0.0000', 0, 0, 0, 0, '00:00:34'),
(329, '1592081242', 'TSD', '0.0000', '0.0000', '0.0000', 0, 0, 0, 0, '00:00:11'),
(330, '1592081242', 'TW', '0.0000', '0.0000', '0.0000', 0, 0, 0, 0, '00:00:11'),
(331, '1592081242', 'SI', '1.0000', '3.0000', '0.0000', 3, 1, 0, 3, '00:00:11'),
(332, '1592081242', 'PPL', '0.0000', '0.1667', '0.0000', 2, 0, 2, -2, '00:00:11'),
(333, '1592082009', 'TSD', '0.2000', '2.2000', '2.0000', 11, 1, 2, 1, '00:00:40'),
(334, '1592082009', 'TW', '0.2500', '2.0000', '1.3333', 8, 1, 2, 1, '00:00:40'),
(335, '1592082009', 'SI', '0.0000', '2.3333', '2.5000', 7, 0, 2, -2, '00:00:40'),
(336, '1592082009', 'PPL', '0.3333', '2.3333', '2.0000', 7, 1, 1, 2, '00:00:40');

-- --------------------------------------------------------

--
-- Table structure for table `topiclevelratio`
--

CREATE TABLE `topiclevelratio` (
  `id` int(11) NOT NULL,
  `Topic` varchar(100) NOT NULL,
  `Level 1` int(100) NOT NULL,
  `Level 2` int(100) NOT NULL,
  `Level 3` int(100) NOT NULL,
  `Username` varchar(100) NOT NULL
) ENGINE=InnoDB DEFAULT CHARSET=utf8mb4;

--
-- Dumping data for table `topiclevelratio`
--

INSERT INTO `topiclevelratio` (`id`, `Topic`, `Level 1`, `Level 2`, `Level 3`, `Username`) VALUES
(77, 'TSD', 1, 0, 0, 'Manisha'),
(78, 'TW', 1, 0, 0, 'Manisha'),
(79, 'SI', 1, 0, 0, 'Manisha'),
(80, 'PPl', 12, 0, 0, 'Manisha'),
(81, 'TSD', 6, 0, 0, 'sachin.thosar'),
(82, 'TW', 7, 0, 0, 'sachin.thosar'),
(83, 'SI', 0, 0, 1, 'sachin.thosar'),
(84, 'PPl', 1, 0, 0, 'sachin.thosar'),
(85, 'TSD', 3, 1, 0, 'greeva.shah'),
(86, 'TW', 1, 1, 0, 'greeva.shah'),
(87, 'SI', 5, 1, 0, 'greeva.shah'),
(88, 'PPl', 2, 1, 0, 'greeva.shah');

-- --------------------------------------------------------

--
-- Table structure for table `user`
--

CREATE TABLE `user` (
  `Name` varchar(50) NOT NULL,
  `Email` varchar(50) NOT NULL,
  `Password` varchar(100) NOT NULL,
  `Username` varchar(50) NOT NULL
) ENGINE=InnoDB DEFAULT CHARSET=utf8mb4;

--
-- Dumping data for table `user`
--

INSERT INTO `user` (`Name`, `Email`, `Password`, `Username`) VALUES
('Greeva Shah', 'greeva.shah@somaiya.edu', '$2b$12$KJARhn0rmEvnQNKbKSjM7uUcQKix8VI2rQrXEoPzWQf6CH7SKA8Ka', 'greeva.shah'),
('Manisha', 'manisha.thosar@yahoo.co.in', '$2b$12$FV4ldSt09jESWramhyivs.94vjpXAhLBZhYB6CqnaOduSSmuG216S', 'Manisha'),
('Sachin Thosar', 'sachinthosar12@gmail.com', '$2b$12$U4KzKd8YWcIrokFG9YYLje.qfi7YcDl4G4Sezty2qrAFMPhW2yj6S', 'sachin.thosar');

--
-- Indexes for dumped tables
--

--
-- Indexes for table `dataset`
--
ALTER TABLE `dataset`
  ADD PRIMARY KEY (`id`);

--
-- Indexes for table `performance`
--
ALTER TABLE `performance`
  ADD PRIMARY KEY (`id`);

--
-- Indexes for table `questiondata`
--
ALTER TABLE `questiondata`
  ADD PRIMARY KEY (`QNo`);

--
-- Indexes for table `testdataset`
--
ALTER TABLE `testdataset`
  ADD UNIQUE KEY `testId` (`testId`);

--
-- Indexes for table `topicdataset`
--
ALTER TABLE `topicdataset`
  ADD PRIMARY KEY (`id`);

--
-- Indexes for table `topiclevelratio`
--
ALTER TABLE `topiclevelratio`
  ADD PRIMARY KEY (`id`);

--
-- Indexes for table `user`
--
ALTER TABLE `user`
  ADD PRIMARY KEY (`Email`),
  ADD UNIQUE KEY `Username` (`Username`);

--
-- AUTO_INCREMENT for dumped tables
--

--
-- AUTO_INCREMENT for table `dataset`
--
ALTER TABLE `dataset`
  MODIFY `id` int(11) NOT NULL AUTO_INCREMENT, AUTO_INCREMENT=1276;

--
-- AUTO_INCREMENT for table `performance`
--
ALTER TABLE `performance`
  MODIFY `id` int(11) NOT NULL AUTO_INCREMENT, AUTO_INCREMENT=57;

--
-- AUTO_INCREMENT for table `topicdataset`
--
ALTER TABLE `topicdataset`
  MODIFY `id` int(11) NOT NULL AUTO_INCREMENT, AUTO_INCREMENT=337;

--
-- AUTO_INCREMENT for table `topiclevelratio`
--
ALTER TABLE `topiclevelratio`
  MODIFY `id` int(11) NOT NULL AUTO_INCREMENT, AUTO_INCREMENT=89;
COMMIT;

/*!40101 SET CHARACTER_SET_CLIENT=@OLD_CHARACTER_SET_CLIENT */;
/*!40101 SET CHARACTER_SET_RESULTS=@OLD_CHARACTER_SET_RESULTS */;
/*!40101 SET COLLATION_CONNECTION=@OLD_COLLATION_CONNECTION */;
